-- MySQL dump 10.13  Distrib 8.0.16, for Win64 (x86_64)
--
-- Host: localhost    Database: residentname
-- ------------------------------------------------------
-- Server version	5.6.38-log

/*!40101 SET @OLD_CHARACTER_SET_CLIENT=@@CHARACTER_SET_CLIENT */;
/*!40101 SET @OLD_CHARACTER_SET_RESULTS=@@CHARACTER_SET_RESULTS */;
/*!40101 SET @OLD_COLLATION_CONNECTION=@@COLLATION_CONNECTION */;
 SET NAMES utf8 ;
/*!40103 SET @OLD_TIME_ZONE=@@TIME_ZONE */;
/*!40103 SET TIME_ZONE='+00:00' */;
/*!40014 SET @OLD_UNIQUE_CHECKS=@@UNIQUE_CHECKS, UNIQUE_CHECKS=0 */;
/*!40014 SET @OLD_FOREIGN_KEY_CHECKS=@@FOREIGN_KEY_CHECKS, FOREIGN_KEY_CHECKS=0 */;
/*!40101 SET @OLD_SQL_MODE=@@SQL_MODE, SQL_MODE='NO_AUTO_VALUE_ON_ZERO' */;
/*!40111 SET @OLD_SQL_NOTES=@@SQL_NOTES, SQL_NOTES=0 */;

--
-- Table structure for table `cases`
--

DROP TABLE IF EXISTS `cases`;
/*!40101 SET @saved_cs_client     = @@character_set_client */;
 SET character_set_client = utf8mb4 ;
CREATE TABLE `cases` (
  `id` int(11) NOT NULL AUTO_INCREMENT,
  `name` varchar(45) DEFAULT NULL,
  `name_rus` varchar(45) DEFAULT NULL,
  PRIMARY KEY (`id`),
  UNIQUE KEY `id_UNIQUE` (`id`)
) ENGINE=InnoDB AUTO_INCREMENT=7 DEFAULT CHARSET=utf8;
/*!40101 SET character_set_client = @saved_cs_client */;

--
-- Dumping data for table `cases`
--

LOCK TABLES `cases` WRITE;
/*!40000 ALTER TABLE `cases` DISABLE KEYS */;
INSERT INTO `cases` VALUES (1,'nominative','Именительный'),(2,'genitive','Родительный'),(3,'dative','Дательный'),(4,'accusative','Винительный'),(5,'instrumental','Творительный'),(6,'prepositional','Предложный');
/*!40000 ALTER TABLE `cases` ENABLE KEYS */;
UNLOCK TABLES;

--
-- Table structure for table `city`
--

DROP TABLE IF EXISTS `city`;
/*!40101 SET @saved_cs_client     = @@character_set_client */;
 SET character_set_client = utf8mb4 ;
CREATE TABLE `city` (
  `id` int(11) NOT NULL AUTO_INCREMENT,
  `name` varchar(45) DEFAULT NULL,
  `man` varchar(45) DEFAULT NULL,
  `woman` varchar(45) DEFAULT NULL,
  `townspeople` varchar(45) DEFAULT NULL,
  `img` varchar(450) DEFAULT NULL,
  `index_name` varchar(45) DEFAULT NULL,
  `link` varchar(45) DEFAULT NULL,
  PRIMARY KEY (`id`),
  UNIQUE KEY `id_UNIQUE` (`id`)
) ENGINE=InnoDB AUTO_INCREMENT=200 DEFAULT CHARSET=utf8;
/*!40101 SET character_set_client = @saved_cs_client */;

--
-- Dumping data for table `city`
--

LOCK TABLES `city` WRITE;
/*!40000 ALTER TABLE `city` DISABLE KEYS */;
INSERT INTO `city` VALUES (1,'Абхазия','абхазец','абхазка','абхазцы','AB.png','AB','/ab/'),(2,'Австралия','австралиец','австралийка','австралийцы','AU.png','AU','/au/'),(3,'Австрия','австриец','австрийка','австрийцы','AT.png','AT','/at/'),(4,'Азербайджан','азербайджанец','азербайджанка','азербайджанцы','AZ.png','AZ','/az/'),(5,'Албания','албанец','албанка','албанцы','AL.png','AL','/al/'),(6,'Алжир','алжирец','алжирка','алжирцы','DZ.png','DZ','/dz/'),(7,'Ангола','анголец','анголка','ангольцы','AO.png','AO','/ao/'),(8,'Андорра','андорранец','андорранка','андорранцы','AD.png','AD','/ad/'),(9,'Антигуа и Барбуда','антигуанец','антигуанка','антигуанцы','AG.png','AG','/ag/'),(10,'Аргентина','аргентинец','аргентинка','аргентинцы','AR.png','AR','/ar/'),(11,'Армения','армянин','армянка','армяне','AM.png','AM','/am/'),(12,'Аруба','арубанец','гражданка страны','арубанцы','AW.png','AW','/aw/'),(13,'Афганистан','афганец','афганка','афганцы','AF.png','AF','/af/'),(14,'Багамские острова','багамец','багамка','багамцы','BS.png','BS','/bs/'),(15,'Бангладеш','бангладешец','бангладешка','бангладешцы','BD.png','BD','/bd/'),(16,'Барбадос','барбадосец','барбадоска','барбадосцы','BB.png','BB','/bb/'),(17,'Бахрейн','бахрейнец','бахрейнка','бахрейнцы','BH.png','BH','/bh/'),(18,'Беларусь','белорус','белоруска','белорусы','BY.png','BY','/by/'),(19,'Белиз','белизец','белизка','белизцы','BZ.png','BZ','/bz/'),(20,'Бельгия','бельгиец','бельгийка','бельгийцы','BE.png','BE','/be/'),(21,'Бенин','бенинец','бенинка','бенинцы','BJ.png','BJ','/bj/'),(22,'Болгария','болгарин','болгарка','болгары','BG.png','BG','/bg/'),(23,'Боливия','боливиец','боливийка','боливийцы','BO.png','BO','/bo/'),(24,'Босния и Герцеговина','босниец','боснийка','боснийцы','BA.png','BA','/ba/'),(25,'Ботсвана','ботсванец','ботсванка','ботсванцы','BW.png','BW','/bw/'),(26,'Бразилия','бразилец','бразильянка','бразильцы','BR.png','BR','/br/'),(27,'Бруней','брунеец','брунейка','брунейцы','BN.png','BN','/bn/'),(28,'Буркина-Фасо','буркиниец','буркинийка','буркинийцы','BF.png','BF','/bf/'),(29,'Бурунди','бурундиец','бурундийка','бурундийцы','BI.png','BI','/bi/'),(30,'Бутан','бутанец','бутанка','бутанцы','BT.png','BT','/bt/'),(31,'Вануату','вануатец','вануатка','вануатцы','VU.png','VU','/vu/'),(32,'Ватикан','ватиканец','ватиканка','ватиканцы','VA.png','VA','/va/'),(33,'Великобритания','британец','британка','британцы','GB.png','GB','/gb/'),(34,'Венгрия','венгр','венгерка','венгры','HU.png','HU','/hu/'),(35,'Венесуэла','венесуэлец','венесуэлка','венесуэльцы','VE.png','VE','/ve/'),(36,'Восточный Тимор','тиморец','тиморка','тиморцы','TL.png','TL','/tl/'),(37,'Вьетнам','вьетнамец','вьетнамка','вьетнамцы','VN.png','VN','/vn/'),(38,'Габон','габонец','габонка','габонцы','GA.png','GA','/ga/'),(39,'Гаити','гаитянин','гаитянка','гаитяне','HT.png','HT','/ht/'),(40,'Гайана','гайанец','гайанка','гайанцы','GY.png','GY','/gy/'),(41,'Гамбия','гамбиец','гамбийка','гамбийцы','GM.png','GM','/gm/'),(42,'Гана','ганец','ганка','ганцы','GH.png','GH','/gh/'),(43,'Гватемала','гватемалец','гватемалка','гватемальцы','GT.png','GT','/gt/'),(44,'Гвинея','гвинеец','гвинейка','гвинейцы','GN.png','GN','/gn/'),(45,'Гвинея-Бисау','бисау-гвинеец','бисау-гвинейка','бисау-гвинейцы','GW.png','GW','/gw/'),(46,'Германия','немец','немка','немцы','DE.png','DE','/de/'),(47,'Гондурас','гондурасец','гондураска','гондурасцы','HN.png','HN','/hn/'),(48,'Гренада','гренадец','гренадка','гренадцы','GD.png','GD','/gd/'),(49,'Греция','грек','гречанка','греки','GR.png','GR','/gr/'),(50,'Грузия','грузин','грузинка','грузины','GE.png','GE','/ge/'),(51,'Дания','датчанин','датчанка','датчане','DK.png','DK','/dk/'),(52,'Демократическая Республика Конго','конголезец','конголезка','конголезцы','CD.png','CD','/cd/'),(53,'Джибути','джибутиец','джибутийка','джибутийцы','DJ.png','DJ','/dj/'),(54,'Доминика','доминиканец','доминиканка','доминиканцы','DM.png','DM','/dm/'),(55,'Доминикана','доминиканец','доминиканка','доминиканцы','DO.png','DO','/do/'),(56,'Египет','египтянин','египтянка','египтяне','EG.png','EG','/eg/'),(57,'Замбия','замбиец','замбийка','замбийцы','ZM.png','ZM','/zm/'),(58,'Зимбабве','зимбабвиец','зимбабвийка','зимбабвийцы','ZW.png','ZW','/zw/'),(59,'Израиль','израильтянин','израильтянка','израильтяне','IL.png','IL','/il/'),(60,'Индия','индиец','индианка','индийцы','IN.png','IN','/in/'),(61,'Индонезия','индонезиец','индонезийка','индонезийцы','ID.png','ID','/id/'),(62,'Иордания','иорданец','иорданка','иорданцы','JO.png','JO','/jo/'),(63,'Ирак','иракец','иракша','иракцы','IQ.png','IQ','/iq/'),(64,'Иран','иранец','иранка','иранцы','IR.png','IR','/ir/'),(65,'Ирландия','ирландец','ирландка','ирландцы','IE.png','IE','/ie/'),(66,'Исландия','исландец','исландка','исландцы','IS.png','IS','/is/'),(67,'Испания','испанец','испанка','испанцы','ES.png','ES','/es/'),(68,'Италия','итальянец','итальянка','итальянцы','IT.png','IT','/it/'),(69,'Йемен','йеменец','йеменка','йеменцы','YE.png','YE','/ye/'),(70,'Кабо-Верде','кабовердианец','кабовердианка','кабовердианцы','CV.png','CV','/cv/'),(71,'Казахстан','казахстанец','казахстанка','казахстанцы','KZ.png','KZ','/kz/'),(72,'Камбоджа','камбоджиец','камбоджийка','камбоджийцы','KH.png','KH','/kh/'),(73,'Камерун','камерунец','камерунка','камерунцы','CM.png','CM','/cm/'),(74,'Канада','канадец','канадка','канадцы','CA.png','CA','/ca/'),(75,'Катар','катарец','катарка','катарцы','QA.png','QA','/qa/'),(76,'Кения','кениец','кенийка','кенийцы','KE.png','KE','/ke/'),(77,'Кипр','киприот','киприотка','киприоты','CY.png','CY','/cy/'),(78,'Киргизия','киргизстанец','киргизстанка','киргизстанцы','KG.png','KG','/kg/'),(79,'Кирибати','кирибатец','кирибатка','кирибатцы','KI.png','KI','/ki/'),(80,'Китай','китаец','китаянка','китайцы','CN.png','CN','/cn/'),(81,'КНДР','северокореец','северокореянка','северокорейцы','KP.png','KP','/kp/'),(82,'Колумбия','колумбиец','колумбийка','колумбийцы','CO.png','CO','/co/'),(83,'Коморы','коморец','коморка','коморцы','KM.png','KM','/km/'),(84,'Конго','конголезец','конголезка','конголезцы','CG.png','CG','/cg/'),(85,'Корея','кореец','кореянка','корейцы','KR.png','KR','/kr/'),(86,'Косово','косовар','косоварка','косовары','XK.png','XK','/xk/'),(87,'Коста-Рика','костариканец','костариканка','костариканцы','CR.png','CR','/cr/'),(88,'Кот-д\'Ивуар','ивуариец','ивуарийка','ивуарийцы','CI.png','CI','/ci/'),(89,'Куба','кубинец','кубинка','кубинцы','CU.png','CU','/cu/'),(90,'Кувейт','кувейтец','кувейтка','кувейтцы','KW.png','KW','/kw/'),(91,'Лаос','лаосец','лаоска','лаосцы','LA.png','LA','/la/'),(92,'Латвия','латвиец','латвийка','латвийцы','LV.png','LV','/lv/'),(93,'Лесото','лесотец','лесотка','лесотцы','LS.png','LS','/ls/'),(94,'Либерия','либериец','либерийка','либерийцы','LR.png','LR','/lr/'),(95,'Ливан','ливанец','ливанка','ливанцы','LB.png','LB','/lb/'),(96,'Ливия','ливиец','ливийка','ливийцы','LY.png','LY','/ly/'),(97,'Литва','литовец','литовка','литовцы','LT.png','LT','/lt/'),(98,'Лихтенштейн','лихтенштейнец','лихтенштейнка','лихтенштейнцы','LI.png','LI','/li/'),(99,'Люксембург','люксембуржец','люксембурженка','люксембуржцы','LU.png','LU','/lu/'),(100,'Маврикий','маврикиец','маврикийка','маврикийцы','MU.png','MU','/mu/'),(101,'Мавритания','мавританец','мавританка','мавританцы','MR.png','MR','/mr/'),(102,'Мадагаскар','малагасиец','малагасийка','малагасийцы','MG.png','MG','/mg/'),(103,'Македония','македонец','македонка','македонцы','MK.png','MK','/mk/'),(104,'Малави','малавиец','малавийка','малавийцы','MW.png','MW','/mw/'),(105,'Малайзия','малайзиец','малайзийка','малайзийцы','MY.png','MY','/my/'),(106,'Мали','малиец','малийка','малийцы','ML.png','ML','/ml/'),(107,'Мальдивы','мальдивианин','мальдивианка','мальдивиане','MV.png','MV','/mv/'),(108,'Мальта','мальтиец','мальтийка','мальтийцы','MT.png','MT','/mt/'),(109,'Марокко','марокканец','марокканка','марокканцы','MA.png','MA','/ma/'),(110,'Маршалловы острова','маршалловец','маршалловка','маршалловцы','MH.png','MH','/mh/'),(111,'Мексика','мексиканец','мексиканка','мексиканцы','MX.png','MX','/mx/'),(112,'Микронезия','микронезиец','микронезийка','микронезийцы','FM.png','FM','/fm/'),(113,'Мозамбик','мозамбикец','мозамбийка','мозамбикцы','MZ.png','MZ','/mz/'),(114,'Молдова','молдаванин','молдаванка','молдаване','MD.png','MD','/md/'),(115,'Монако','монегаск','монегаска','монегаски','MC.png','MC','/mc/'),(116,'Монголия','монгол','монголка','монголы','MN.png','MN','/mn/'),(117,'Мьянма','бирманец','бирманка','бирманцы','MM.png','MM','/mm/'),(118,'Намибия','намибиец','намибийка','намибийцы','NA.png','NA','/na/'),(119,'Науру','науруанец','науруанка','науруанцы','NR.png','NR','/nr/'),(120,'Непал','непалец','непалка','непальцы','NP.png','NP','/np/'),(121,'Нигер','нигерец','нигерка','нигерцы','NE.png','NE','/ne/'),(122,'Нигерия','нигериец','нигерийка','нигерийцы','NG.png','NG','/ng/'),(123,'Нидерланды','нидерландец','нидерландка','нидерландцы','NL.png','NL','/nl/'),(124,'Никарагуа','никарагуанец','никарагуанка','никарагуанцы','NI.png','NI','/ni/'),(125,'Новая Зеландия','новозеландец','новозеландка','новозеландцы','NZ.png','NZ','/nz/'),(126,'Норвегия','норвежец','норвежка','норвежцы','NO.png','NO','/no/'),(127,'Объединённые Арабские Эмираты','эмиратовцы','эмиратовка','эмиратовец','AE.png','AE','/ae/'),(128,'Оман','оманец','оманка','оманцы','OM.png','OM','/om/'),(129,'Пакистан','пакистанец','пакистанка','пакистанцы','PK.png','PK','/pk/'),(130,'Палау','палауанец','палауанка','палауанцы','PW.png','PW','/pw/'),(131,'Панама','панамец','панамка','панамцы','PA.png','PA','/pa/'),(132,'Папуа-Новая Гвинея','гвинеец','гвинейка','гвинейцы','PG.png','PG','/pg/'),(133,'Парагвай','парагваец','парагвайка','парагвайцы','PY.png','PY','/py/'),(134,'Перу','перуанец','перуанка','перуанцы','PE.png','PE','/pe/'),(135,'Польша','поляк','полька','поляки','PL.png','PL','/pl/'),(136,'Португалия','португалец','португалка','португальцы','PT.png','PT','/pt/'),(137,'Пуэрто-Рико','пуэрториканец','пуэрториканка','пуэрториканцы','PR.png','PR','/pr/'),(138,'Россия','россиянин','россиянка','россияне','RU.png','RU','/ru/'),(139,'Руанда','руандийцы','руандийка','руандиец','RW.png','RW','/rw/'),(140,'Румыния','румын','румынка','румыны','RO.png','RO','/ro/'),(141,'Сальвадор','сальвадорец','сальвадорка','сальвадорцы','SV.png','SV','/sv/'),(142,'Самоа','самоанец','самоанка','самоанцы','WS.png','WS','/ws/'),(143,'Сан-Марино','санмаринец','санмаринка','санмаринцы','SM.png','SM','/sm/'),(144,'Сан-Томе и Принсипи','сантомиец','сантомийка','сантомийцы','ST.png','ST','/st/'),(145,'Саудовская Аравия','аравиец','аравийка','аравийцы','SA.png','SA','/sa/'),(146,'Свазиленд','свазилендец','свазилендка','свазилендцы','SZ.png','SZ','/sz/'),(147,'Сейшелы','сейшелец','сейшелка','сейшельцы','SC.png','SC','/sc/'),(148,'Сенегал','сенегалец','сенегалка','сенегальцы','SN.png','SN','/sn/'),(149,'Сент-Винсент и Гренадины','сентвинсентец','сентвинсентка','сентвинсентцы','VC.png','VC','/vc/'),(150,'Сент-Китс и Невис','сенткитсец','гражданка страны','сенткитсцы','KN.png','KN','/kn/'),(151,'Сент-Люсия','сентлюсиец','сентлюсийка','сентлюсийцы','LC.png','LC','/lc/'),(152,'Сербия','серб','сербка','сербы','RS.png','RS','/rs/'),(153,'Сингапур','сингапурец','сингапурка','сингапурцы','SG.png','SG','/sg/'),(154,'Сирия','сириец','сирийка','сирийцы','SY.png','SY','/sy/'),(155,'Словакия','словак','словачка','словаки','SK.png','SK','/sk/'),(156,'Словения','словенец','словенка','словенцы','SI.png','SI','/si/'),(157,'Соединённые Штаты Америки','американец','американка','американцы','US.png','US','/us/'),(158,'Соломоновы острова','соломоновец','соломоновка','соломоновцы','SB.png','SB','/sb/'),(159,'Сомали','сомалиец','сомалийка','сомалийцы','SO.png','SO','/so/'),(160,'Судан','суданец','суданка','суданцы','SD.png','SD','/sd/'),(161,'Суринам','суринамец','суринамка','суринамцы','SR.png','SR','/sr/'),(162,'Сьерра-Леоне','сьерралеонец','сьерралеонка','сьерралеонцы','SL.png','SL','/sl/'),(163,'Таджикистан','таджик','таджичка','таджики','TJ.png','TJ','/tj/'),(164,'Таиланд','таиландец','таиландка','таиландцы','TH.png','TH','/th/'),(165,'Танзания','танзаниец','танзанийка','танзанийцы','TZ.png','TZ','/tz/'),(166,'Того','тоголезец','тоголезка','тоголезцы','TG.png','TG','/tg/'),(167,'Тонга','тонганец','тонганка','тонганцы','TO.png','TO','/to/'),(168,'Тринидад и Тобаго','тринидадец','тринидадка','тринидадцы','TT.png','TT','/tt/'),(169,'Тувалу','тувалиец','тувалянка','тувалийцы','TV.png','TV','/tv/'),(170,'Тунис','тунисец','туниска','тунисцы','TN.png','TN','/tn/'),(171,'Туркмения','туркменистанец','туркменистанка','туркменистанцы','TM.png','TM','/tm/'),(172,'Турция','турок','турчанка','турки','TR.png','TR','/tr/'),(173,'Уганда','угандиец','угандийка','угандийцы','UG.png','UG','/ug/'),(174,'Узбекистан','узбек','узбечка','узбеки','UZ.png','UZ','/uz/'),(175,'Украина','украинец','украинка','украинцы','UA.png','UA','/ua/'),(176,'Уругвай','уругваец','уругвайка','уругвайцы','UY.png','UY','/uy/'),(177,'Фиджи','фиджиец','фиджийка','фиджийцы','FJ.png','FJ','/fj/'),(178,'Филиппины','филиппинец','филиппинка','филиппинцы','PH.png','PH','/ph/'),(179,'Финляндия','финн','финка','финны','FI.png','FI','/fi/'),(180,'Франция','француз','француженка','французы','FR.png','FR','/fr/'),(181,'Хорватия','хорват','хорватка','хорваты','HR.png','HR','/hr/'),(182,'Центрально-Африканская Республика','центральноафриканец','центральноафриканка','центральноафриканцы','CF.png','CF','/cf/'),(183,'Чад','чадец','чадка','чадцы','TD.png','TD','/td/'),(184,'Черногория','черногорец','черногорка','черногорцы','ME.png','ME','/me/'),(185,'Чехия','чех','чешка','чехи','CZ.png','CZ','/cz/'),(186,'Чили','чилиец','чилийка','чилийцы','CL.png','CL','/cl/'),(187,'Швейцария','швейцарец','швейцарка','швейцарцы','CH.png','CH','/ch/'),(188,'Швеция','швед','шведка','шведы','SE.png','SE','/se/'),(189,'Шри-Ланка','шриланкиец','шриланкийка','шриланкийцы','LK.png','LK','/lk/'),(190,'Эквадор','эквадорец','эквадорка','эквадорцы','EC.png','EC','/ec/'),(191,'Экваториальная Гвинея','экваторогвинеец','экваторогвинейка','экваторогвинейцы','GQ.png','GQ','/gq/'),(192,'Эритрея','эритреец','эритрейка','эритрейцы','ER.png','ER','/er/'),(193,'Эстония','эстонец','эстонка','эстонцы','EE.png','EE','/ee/'),(194,'Эфиопия','эфиоп','эфиопка','эфиопы','ET.png','ET','/et/'),(195,'Южная Осетия','югоосетин','югоосетинка','югоосетины','OS.png','OS','/os/'),(196,'Южно-Африканская Республика','южноафриканец','южноафриканка','южноафриканцы','ZA.png','ZA','/za/'),(197,'Южный Судан','суданец','суданка','суданцы','SS.png','SS','/ss/'),(198,'Ямайка','ямаец','ямайка','ямайцы','JM.png','JM','/jm/'),(199,'Япония','японец','японка','японцы','JP.png','JP','/jp/');
/*!40000 ALTER TABLE `city` ENABLE KEYS */;
UNLOCK TABLES;

--
-- Table structure for table `city_declines_nouns`
--

DROP TABLE IF EXISTS `city_declines_nouns`;
/*!40101 SET @saved_cs_client     = @@character_set_client */;
 SET character_set_client = utf8mb4 ;
CREATE TABLE `city_declines_nouns` (
  `id` int(11) NOT NULL AUTO_INCREMENT,
  `city_id` int(11) DEFAULT NULL,
  `declines_nouns_id` int(11) DEFAULT NULL,
  `cases_id` int(11) DEFAULT NULL,
  `value` varchar(45) DEFAULT NULL,
  PRIMARY KEY (`id`),
  UNIQUE KEY `id_UNIQUE` (`id`)
) ENGINE=InnoDB AUTO_INCREMENT=5257 DEFAULT CHARSET=utf8;
/*!40101 SET character_set_client = @saved_cs_client */;

--
-- Dumping data for table `city_declines_nouns`
--

LOCK TABLES `city_declines_nouns` WRITE;
/*!40000 ALTER TABLE `city_declines_nouns` DISABLE KEYS */;
INSERT INTO `city_declines_nouns` VALUES (481,1,1,1,'Абхазия'),(482,1,2,1,'абхазец'),(483,1,3,1,'абхазка'),(484,1,4,1,'абхазцы'),(485,1,1,2,'Абхазии'),(486,1,2,2,'абхазца'),(487,1,3,2,'абхазки'),(488,1,4,2,'абхазцев'),(489,1,1,3,'Абхазии'),(490,1,2,3,'абхазцу'),(491,1,3,3,'абхазке'),(492,1,4,3,'абхазцам'),(493,1,1,4,'Абхазию'),(494,1,2,4,'абхазца'),(495,1,3,4,'абхазку'),(496,1,4,4,'абхазцев'),(497,1,1,5,'Абхазией'),(498,1,2,5,'абхазцем'),(499,1,3,5,'абхазкой'),(500,1,4,5,'абхазцами'),(501,1,1,6,'об Абхазии'),(502,1,2,6,'абхазце'),(503,1,3,6,'абхазке'),(504,1,4,6,'абхазцах'),(505,2,1,1,'Австралия'),(506,2,2,1,'австралиец'),(507,2,3,1,'австралийка'),(508,2,4,1,'австралийцы'),(509,2,1,2,'Австралии'),(510,2,2,2,'австралийца'),(511,2,3,2,'австралийки'),(512,2,4,2,'австралийцев'),(513,2,1,3,'Австралии'),(514,2,2,3,'австралийцу'),(515,2,3,3,'австралийке'),(516,2,4,3,'австралийцам'),(517,2,1,4,'Австралию'),(518,2,2,4,'австралийца'),(519,2,3,4,'австралийку'),(520,2,4,4,'австралийцев'),(521,2,1,5,'Австралией'),(522,2,2,5,'австралийцем'),(523,2,3,5,'австралийкой'),(524,2,4,5,'австралийцами'),(525,2,1,6,'об Австралии'),(526,2,2,6,'австралийце'),(527,2,3,6,'австралийке'),(528,2,4,6,'австралийцах'),(529,3,1,1,'Австрия'),(530,3,2,1,'австриец'),(531,3,3,1,'австрийка'),(532,3,4,1,'австрийцы'),(533,3,1,2,'Австрии'),(534,3,2,2,'австрийца'),(535,3,3,2,'австрийки'),(536,3,4,2,'австрийцев'),(537,3,1,3,'Австрии'),(538,3,2,3,'австрийцу'),(539,3,3,3,'австрийке'),(540,3,4,3,'австрийцам'),(541,3,1,4,'Австрию'),(542,3,2,4,'австрийца'),(543,3,3,4,'австрийку'),(544,3,4,4,'австрийцев'),(545,3,1,5,'Австрией'),(546,3,2,5,'австрийцем'),(547,3,3,5,'австрийкой'),(548,3,4,5,'австрийцами'),(549,3,1,6,'об Австрии'),(550,3,2,6,'австрийце'),(551,3,3,6,'австрийке'),(552,3,4,6,'австрийцах'),(553,4,1,1,'Азербайджан'),(554,4,2,1,'азербайджанец'),(555,4,3,1,'азербайджанка'),(556,4,4,1,'азербайджанцы'),(557,4,1,2,'Азербайджана'),(558,4,2,2,'азербайджанца'),(559,4,3,2,'азербайджанки'),(560,4,4,2,'азербайджанцев'),(561,4,1,3,'Азербайджану'),(562,4,2,3,'азербайджанцу'),(563,4,3,3,'азербайджанке'),(564,4,4,3,'азербайджанцам'),(565,4,1,4,'Азербайджан'),(566,4,2,4,'азербайджанца'),(567,4,3,4,'азербайджанку'),(568,4,4,4,'азербайджанцев'),(569,4,1,5,'Азербайджаном'),(570,4,2,5,'азербайджанцем'),(571,4,3,5,'азербайджанкой'),(572,4,4,5,'азербайджанцами'),(573,4,1,6,'об Азербайджане'),(574,4,2,6,'азербайджанце'),(575,4,3,6,'азербайджанке'),(576,4,4,6,'азербайджанцах'),(577,5,1,1,'Албания'),(578,5,2,1,'албанец'),(579,5,3,1,'албанка'),(580,5,4,1,'албанцы'),(581,5,1,2,'Албании'),(582,5,2,2,'албанца'),(583,5,3,2,'албанки'),(584,5,4,2,'албанцев'),(585,5,1,3,'Албании'),(586,5,2,3,'албанцу'),(587,5,3,3,'албанке'),(588,5,4,3,'албанцам'),(589,5,1,4,'Албанию'),(590,5,2,4,'албанца'),(591,5,3,4,'албанку'),(592,5,4,4,'албанцев'),(593,5,1,5,'Албанией'),(594,5,2,5,'албанцем'),(595,5,3,5,'албанкой'),(596,5,4,5,'албанцами'),(597,5,1,6,'об Албании'),(598,5,2,6,'албанце'),(599,5,3,6,'албанке'),(600,5,4,6,'албанцах'),(601,6,1,1,'Алжир'),(602,6,2,1,'алжирец'),(603,6,3,1,'алжирка'),(604,6,4,1,'алжирцы'),(605,6,1,2,'Алжира'),(606,6,2,2,'алжирца'),(607,6,3,2,'алжирки'),(608,6,4,2,'алжирцев'),(609,6,1,3,'Алжиру'),(610,6,2,3,'алжирцу'),(611,6,3,3,'алжирке'),(612,6,4,3,'алжирцам'),(613,6,1,4,'Алжир'),(614,6,2,4,'алжирца'),(615,6,3,4,'алжирку'),(616,6,4,4,'алжирцев'),(617,6,1,5,'Алжиром'),(618,6,2,5,'алжирцем'),(619,6,3,5,'алжиркой'),(620,6,4,5,'алжирцами'),(621,6,1,6,'об Алжире'),(622,6,2,6,'алжирце'),(623,6,3,6,'алжирке'),(624,6,4,6,'алжирцах'),(625,7,1,1,'Ангола'),(626,7,2,1,'анголец'),(627,7,3,1,'анголка'),(628,7,4,1,'ангольцы'),(629,7,1,2,'Анголы'),(630,7,2,2,'анголца'),(631,7,3,2,'анголки'),(632,7,4,2,'ангольцев'),(633,7,1,3,'Анголе'),(634,7,2,3,'анголцу'),(635,7,3,3,'анголке'),(636,7,4,3,'ангольцам'),(637,7,1,4,'Анголу'),(638,7,2,4,'анголца'),(639,7,3,4,'анголку'),(640,7,4,4,'ангольцев'),(641,7,1,5,'Анголой'),(642,7,2,5,'анголцем'),(643,7,3,5,'анголкой'),(644,7,4,5,'ангольцами'),(645,7,1,6,'об Анголе'),(646,7,2,6,'анголце'),(647,7,3,6,'анголке'),(648,7,4,6,'ангольцах'),(649,8,1,1,'Андорра'),(650,8,2,1,'андорранец'),(651,8,3,1,'андорранка'),(652,8,4,1,'андорранцы'),(653,8,1,2,'Андорры'),(654,8,2,2,'андорранца'),(655,8,3,2,'андорранки'),(656,8,4,2,'андорранцев'),(657,8,1,3,'Андорре'),(658,8,2,3,'андорранцу'),(659,8,3,3,'андорранке'),(660,8,4,3,'андорранцам'),(661,8,1,4,'Андорру'),(662,8,2,4,'андорранца'),(663,8,3,4,'андорранку'),(664,8,4,4,'андорранцев'),(665,8,1,5,'Андоррой'),(666,8,2,5,'андорранцем'),(667,8,3,5,'андорранкой'),(668,8,4,5,'андорранцами'),(669,8,1,6,'об Андорре'),(670,8,2,6,'андорранце'),(671,8,3,6,'андорранке'),(672,8,4,6,'андорранцах'),(673,9,1,1,'Антигуа и Барбуда'),(674,9,2,1,'антигуанец'),(675,9,3,1,'антигуанка'),(676,9,4,1,'антигуанцы'),(677,9,1,2,'Антигуа и Барбуды'),(678,9,2,2,'антигуанца'),(679,9,3,2,'антигуанки'),(680,9,4,2,'антигуанцев'),(681,9,1,3,'Антигуа и Барбуде'),(682,9,2,3,'антигуанцу'),(683,9,3,3,'антигуанке'),(684,9,4,3,'антигуанцам'),(685,9,1,4,'Антигуа и Барбуду'),(686,9,2,4,'антигуанца'),(687,9,3,4,'антигуанку'),(688,9,4,4,'антигуанцев'),(689,9,1,5,'Антигуа и Барбудой'),(690,9,2,5,'антигуанцем'),(691,9,3,5,'антигуанкой'),(692,9,4,5,'антигуанцами'),(693,9,1,6,'об Антигуа и Барбуде'),(694,9,2,6,'антигуанце'),(695,9,3,6,'антигуанке'),(696,9,4,6,'антигуанцах'),(697,10,1,1,'Аргентина'),(698,10,2,1,'аргентинец'),(699,10,3,1,'аргентинка'),(700,10,4,1,'аргентинцы'),(701,10,1,2,'Аргентины'),(702,10,2,2,'аргентинца'),(703,10,3,2,'аргентинки'),(704,10,4,2,'аргентинцев'),(705,10,1,3,'Аргентине'),(706,10,2,3,'аргентинцу'),(707,10,3,3,'аргентинке'),(708,10,4,3,'аргентинцам'),(709,10,1,4,'Аргентину'),(710,10,2,4,'аргентинца'),(711,10,3,4,'аргентинку'),(712,10,4,4,'аргентинцев'),(713,10,1,5,'Аргентиной'),(714,10,2,5,'аргентинцем'),(715,10,3,5,'аргентинкой'),(716,10,4,5,'аргентинцами'),(717,10,1,6,'об Аргентине'),(718,10,2,6,'аргентинце'),(719,10,3,6,'аргентинке'),(720,10,4,6,'аргентинцах'),(721,11,1,1,'Армения'),(722,11,2,1,'армянин'),(723,11,3,1,'армянка'),(724,11,4,1,'армяне'),(725,11,1,2,'Армении'),(726,11,2,2,'армянина'),(727,11,3,2,'армянки'),(728,11,4,2,'армян'),(729,11,1,3,'Армении'),(730,11,2,3,'армянину'),(731,11,3,3,'армянке'),(732,11,4,3,'армянам'),(733,11,1,4,'Армению'),(734,11,2,4,'армянина'),(735,11,3,4,'армянку'),(736,11,4,4,'армян'),(737,11,1,5,'Арменией'),(738,11,2,5,'армянином'),(739,11,3,5,'армянкой'),(740,11,4,5,'армянами'),(741,11,1,6,'об Армении'),(742,11,2,6,'армянине'),(743,11,3,6,'армянке'),(744,11,4,6,'армянах'),(745,12,1,1,'Аруба'),(746,12,2,1,'арубанец'),(747,12,3,1,''),(748,12,4,1,'арубанцы'),(749,12,1,2,'Арубы'),(750,12,2,2,'арубанца'),(751,12,3,2,''),(752,12,4,2,'арубанцев'),(753,12,1,3,'Арубе'),(754,12,2,3,'арубанцу'),(755,12,3,3,''),(756,12,4,3,'арубанцам'),(757,12,1,4,'Арубу'),(758,12,2,4,'арубанца'),(759,12,3,4,''),(760,12,4,4,'арубанцев'),(761,12,1,5,'Арубой'),(762,12,2,5,'арубанцем'),(763,12,3,5,''),(764,12,4,5,'арубанцами'),(765,12,1,6,'об Арубе'),(766,12,2,6,'арубанце'),(767,12,3,6,''),(768,12,4,6,'арубанцах'),(769,13,1,1,'Афганистан'),(770,13,2,1,'афганец'),(771,13,3,1,'афганка'),(772,13,4,1,'афганцы'),(773,13,1,2,'Афганистана'),(774,13,2,2,'афганца'),(775,13,3,2,'афганки'),(776,13,4,2,'афганцев'),(777,13,1,3,'Афганистану'),(778,13,2,3,'афганцу'),(779,13,3,3,'афганке'),(780,13,4,3,'афганцам'),(781,13,1,4,'Афганистан'),(782,13,2,4,'афганца'),(783,13,3,4,'афганку'),(784,13,4,4,'афганцев'),(785,13,1,5,'Афганистаном'),(786,13,2,5,'афганцем'),(787,13,3,5,'афганкой'),(788,13,4,5,'афганцами'),(789,13,1,6,'об Афганистане'),(790,13,2,6,'афганце'),(791,13,3,6,'афганке'),(792,13,4,6,'афганцах'),(793,14,1,1,'Багамские острова'),(794,14,2,1,'багамец'),(795,14,3,1,'багамка'),(796,14,4,1,'багамцы'),(797,14,1,2,'Багамских островов'),(798,14,2,2,'багамца'),(799,14,3,2,'багамки'),(800,14,4,2,'багамцев'),(801,14,1,3,'Багамским островам'),(802,14,2,3,'багамцу'),(803,14,3,3,'багамке'),(804,14,4,3,'багамцам'),(805,14,1,4,'Багамские острова'),(806,14,2,4,'багамца'),(807,14,3,4,'багамку'),(808,14,4,4,'багамцев'),(809,14,1,5,'Багамскими островами'),(810,14,2,5,'багамцем'),(811,14,3,5,'багамкой'),(812,14,4,5,'багамцами'),(813,14,1,6,'о Багамских островах'),(814,14,2,6,'багамце'),(815,14,3,6,'багамке'),(816,14,4,6,'багамцах'),(817,15,1,1,'Бангладеш'),(818,15,2,1,'бангладешец'),(819,15,3,1,'бангладешка'),(820,15,4,1,'бангладешцы'),(821,15,1,2,'Бангладеша'),(822,15,2,2,'бангладешца'),(823,15,3,2,'бангладешки'),(824,15,4,2,'бангладешцев'),(825,15,1,3,'Бангладешу'),(826,15,2,3,'бангладешцу'),(827,15,3,3,'бангладешке'),(828,15,4,3,'бангладешцам'),(829,15,1,4,'Бангладеш'),(830,15,2,4,'бангладешца'),(831,15,3,4,'бангладешку'),(832,15,4,4,'бангладешцев'),(833,15,1,5,'Бангладешем'),(834,15,2,5,'бангладешцем'),(835,15,3,5,'бангладешкой'),(836,15,4,5,'бангладешцами'),(837,15,1,6,'о Бангладеше'),(838,15,2,6,'бангладешце'),(839,15,3,6,'бангладешке'),(840,15,4,6,'бангладешцах'),(841,16,1,1,'Барбадос'),(842,16,2,1,'барбадосец'),(843,16,3,1,'барбадоска'),(844,16,4,1,'барбадосцы'),(845,16,1,2,'Барбадоса'),(846,16,2,2,'барбадосца'),(847,16,3,2,'барбадоски'),(848,16,4,2,'барбадосцев'),(849,16,1,3,'Барбадосу'),(850,16,2,3,'барбадосцу'),(851,16,3,3,'барбадоске'),(852,16,4,3,'барбадосцам'),(853,16,1,4,'Барбадос'),(854,16,2,4,'барбадосца'),(855,16,3,4,'барбадоску'),(856,16,4,4,'барбадосцев'),(857,16,1,5,'Барбадосом'),(858,16,2,5,'барбадосцем'),(859,16,3,5,'барбадоской'),(860,16,4,5,'барбадосцами'),(861,16,1,6,'о Барбадосе'),(862,16,2,6,'барбадосце'),(863,16,3,6,'барбадоске'),(864,16,4,6,'барбадосцах'),(865,17,1,1,'Бахрейн'),(866,17,2,1,'бахрейнец'),(867,17,3,1,'бахрейнка'),(868,17,4,1,'бахрейнцы'),(869,17,1,2,'Бахрейна'),(870,17,2,2,'бахрейнца'),(871,17,3,2,'бахрейнки'),(872,17,4,2,'бахрейнцев'),(873,17,1,3,'Бахрейну'),(874,17,2,3,'бахрейнцу'),(875,17,3,3,'бахрейнке'),(876,17,4,3,'бахрейнцам'),(877,17,1,4,'Бахрейн'),(878,17,2,4,'бахрейнца'),(879,17,3,4,'бахрейнку'),(880,17,4,4,'бахрейнцев'),(881,17,1,5,'Бахрейном'),(882,17,2,5,'бахрейнцем'),(883,17,3,5,'бахрейнкой'),(884,17,4,5,'бахрейнцами'),(885,17,1,6,'о Бахрейне'),(886,17,2,6,'бахрейнце'),(887,17,3,6,'бахрейнке'),(888,17,4,6,'бахрейнцах'),(889,18,1,1,'Беларусь'),(890,18,2,1,'белорус'),(891,18,3,1,'белоруска'),(892,18,4,1,'белорусы'),(893,18,1,2,'Беларуси'),(894,18,2,2,'белоруса'),(895,18,3,2,'белоруски'),(896,18,4,2,'белорусов'),(897,18,1,3,'Беларуси'),(898,18,2,3,'белорусу'),(899,18,3,3,'белоруске'),(900,18,4,3,'белорусам'),(901,18,1,4,'Беларусь'),(902,18,2,4,'белоруса'),(903,18,3,4,'белоруску'),(904,18,4,4,'белорусов'),(905,18,1,5,'Беларусью'),(906,18,2,5,'белорусом'),(907,18,3,5,'белоруской'),(908,18,4,5,'белорусами'),(909,18,1,6,'о Беларуси'),(910,18,2,6,'белорусе'),(911,18,3,6,'белоруске'),(912,18,4,6,'белорусах'),(913,19,1,1,'Белиз'),(914,19,2,1,'белизец'),(915,19,3,1,'белизка'),(916,19,4,1,'белизцы'),(917,19,1,2,'Белиза'),(918,19,2,2,'белизца'),(919,19,3,2,'белизки'),(920,19,4,2,'белизцев'),(921,19,1,3,'Белизу'),(922,19,2,3,'белизцу'),(923,19,3,3,'белизке'),(924,19,4,3,'белизцам'),(925,19,1,4,'Белиз'),(926,19,2,4,'белизца'),(927,19,3,4,'белизку'),(928,19,4,4,'белизцев'),(929,19,1,5,'Белизом'),(930,19,2,5,'белизцем'),(931,19,3,5,'белизкой'),(932,19,4,5,'белизцами'),(933,19,1,6,'о Белизе'),(934,19,2,6,'белизце'),(935,19,3,6,'белизке'),(936,19,4,6,'белизцах'),(937,20,1,1,'Бельгия'),(938,20,2,1,'бельгиец'),(939,20,3,1,'бельгийка'),(940,20,4,1,'бельгийцы'),(941,20,1,2,'Бельгии'),(942,20,2,2,'бельгийца'),(943,20,3,2,'бельгийки'),(944,20,4,2,'бельгийцев'),(945,20,1,3,'Бельгии'),(946,20,2,3,'бельгийцу'),(947,20,3,3,'бельгийке'),(948,20,4,3,'бельгийцам'),(949,20,1,4,'Бельгию'),(950,20,2,4,'бельгийца'),(951,20,3,4,'бельгийку'),(952,20,4,4,'бельгийцев'),(953,20,1,5,'Бельгией'),(954,20,2,5,'бельгийцем'),(955,20,3,5,'бельгийкой'),(956,20,4,5,'бельгийцами'),(957,20,1,6,'о Бельгии'),(958,20,2,6,'бельгийце'),(959,20,3,6,'бельгийке'),(960,20,4,6,'бельгийцах'),(961,21,1,1,'Бенин'),(962,21,2,1,'бенинец'),(963,21,3,1,'бенинка'),(964,21,4,1,'бенинцы'),(965,21,1,2,'Бенина'),(966,21,2,2,'бенинца'),(967,21,3,2,'бенинки'),(968,21,4,2,'бенинцев'),(969,21,1,3,'Бенину'),(970,21,2,3,'бенинцу'),(971,21,3,3,'бенинке'),(972,21,4,3,'бенинцам'),(973,21,1,4,'Бенин'),(974,21,2,4,'бенинца'),(975,21,3,4,'бенинку'),(976,21,4,4,'бенинцев'),(977,21,1,5,'Бенином'),(978,21,2,5,'бенинцем'),(979,21,3,5,'бенинкой'),(980,21,4,5,'бенинцами'),(981,21,1,6,'о Бенине'),(982,21,2,6,'бенинце'),(983,21,3,6,'бенинке'),(984,21,4,6,'бенинцах'),(985,22,1,1,'Болгария'),(986,22,2,1,'болгарин'),(987,22,3,1,'болгарка'),(988,22,4,1,'болгары'),(989,22,1,2,'Болгарии'),(990,22,2,2,'болгарина'),(991,22,3,2,'болгарки'),(992,22,4,2,'болгарыов'),(993,22,1,3,'Болгарии'),(994,22,2,3,'болгарину'),(995,22,3,3,'болгарке'),(996,22,4,3,'болгарыам'),(997,22,1,4,'Болгарию'),(998,22,2,4,'болгарина'),(999,22,3,4,'болгарку'),(1000,22,4,4,'болгарыов'),(1001,22,1,5,'Болгарией'),(1002,22,2,5,'болгарином'),(1003,22,3,5,'болгаркой'),(1004,22,4,5,'болгарыами'),(1005,22,1,6,'о Болгарии'),(1006,22,2,6,'болгарине'),(1007,22,3,6,'болгарке'),(1008,22,4,6,'болгарыах'),(1009,23,1,1,'Боливия'),(1010,23,2,1,'боливиец'),(1011,23,3,1,'боливийка'),(1012,23,4,1,'боливийцы'),(1013,23,1,2,'Боливии'),(1014,23,2,2,'боливийца'),(1015,23,3,2,'боливийки'),(1016,23,4,2,'боливийцев'),(1017,23,1,3,'Боливии'),(1018,23,2,3,'боливийцу'),(1019,23,3,3,'боливийке'),(1020,23,4,3,'боливийцам'),(1021,23,1,4,'Боливию'),(1022,23,2,4,'боливийца'),(1023,23,3,4,'боливийку'),(1024,23,4,4,'боливийцев'),(1025,23,1,5,'Боливией'),(1026,23,2,5,'боливийцем'),(1027,23,3,5,'боливийкой'),(1028,23,4,5,'боливийцами'),(1029,23,1,6,'о Боливии'),(1030,23,2,6,'боливийце'),(1031,23,3,6,'боливийке'),(1032,23,4,6,'боливийцах'),(1033,24,1,1,'Босния и Герцеговина'),(1034,24,2,1,'босниец'),(1035,24,3,1,'боснийка'),(1036,24,4,1,'боснийцы'),(1037,24,1,2,'Боснии и Герцеговины'),(1038,24,2,2,'боснийца'),(1039,24,3,2,'боснийки'),(1040,24,4,2,'боснийцев'),(1041,24,1,3,'Боснии и Герцеговине'),(1042,24,2,3,'боснийцу'),(1043,24,3,3,'боснийке'),(1044,24,4,3,'боснийцам'),(1045,24,1,4,'Боснию и Герцеговину'),(1046,24,2,4,'боснийца'),(1047,24,3,4,'боснийку'),(1048,24,4,4,'боснийцев'),(1049,24,1,5,'Боснией и Герцеговиной'),(1050,24,2,5,'боснийцем'),(1051,24,3,5,'боснийкой'),(1052,24,4,5,'боснийцами'),(1053,24,1,6,'о Боснии и Герцеговине'),(1054,24,2,6,'боснийце'),(1055,24,3,6,'боснийке'),(1056,24,4,6,'боснийцах'),(1057,25,1,1,'Ботсвана'),(1058,25,2,1,'ботсванец'),(1059,25,3,1,'ботсванка'),(1060,25,4,1,'ботсванцы'),(1061,25,1,2,'Ботсваны'),(1062,25,2,2,'ботсванца'),(1063,25,3,2,'ботсванки'),(1064,25,4,2,'ботсванцев'),(1065,25,1,3,'Ботсване'),(1066,25,2,3,'ботсванцу'),(1067,25,3,3,'ботсванке'),(1068,25,4,3,'ботсванцам'),(1069,25,1,4,'Ботсвану'),(1070,25,2,4,'ботсванца'),(1071,25,3,4,'ботсванку'),(1072,25,4,4,'ботсванцев'),(1073,25,1,5,'Ботсваной'),(1074,25,2,5,'ботсванцем'),(1075,25,3,5,'ботсванкой'),(1076,25,4,5,'ботсванцами'),(1077,25,1,6,'о Ботсване'),(1078,25,2,6,'ботсванце'),(1079,25,3,6,'ботсванке'),(1080,25,4,6,'ботсванцах'),(1081,26,1,1,'Бразилия'),(1082,26,2,1,'бразилец'),(1083,26,3,1,'бразильянка'),(1084,26,4,1,'бразильцы'),(1085,26,1,2,'Бразилии'),(1086,26,2,2,'бразильца'),(1087,26,3,2,'бразильянки'),(1088,26,4,2,'бразильцев'),(1089,26,1,3,'Бразилии'),(1090,26,2,3,'бразильцу'),(1091,26,3,3,'бразильянке'),(1092,26,4,3,'бразильцам'),(1093,26,1,4,'Бразилию'),(1094,26,2,4,'бразильца'),(1095,26,3,4,'бразильянку'),(1096,26,4,4,'бразильцев'),(1097,26,1,5,'Бразилией'),(1098,26,2,5,'бразильцем'),(1099,26,3,5,'бразильянкой'),(1100,26,4,5,'бразильцами'),(1101,26,1,6,'о Бразилии'),(1102,26,2,6,'бразильце'),(1103,26,3,6,'бразильянке'),(1104,26,4,6,'бразильцах'),(1105,27,1,1,'Бруней'),(1106,27,2,1,'брунеец'),(1107,27,3,1,'брунейка'),(1108,27,4,1,'брунейцы'),(1109,27,1,2,'Брунея'),(1110,27,2,2,'брунеца'),(1111,27,3,2,'брунейки'),(1112,27,4,2,'брунейцев'),(1113,27,1,3,'Брунею'),(1114,27,2,3,'брунецу'),(1115,27,3,3,'брунейке'),(1116,27,4,3,'брунейцам'),(1117,27,1,4,'Бруней'),(1118,27,2,4,'брунеца'),(1119,27,3,4,'брунейку'),(1120,27,4,4,'брунейцев'),(1121,27,1,5,'Брунеем'),(1122,27,2,5,'брунецем'),(1123,27,3,5,'брунейкой'),(1124,27,4,5,'брунейцами'),(1125,27,1,6,'о Брунее'),(1126,27,2,6,'брунеце'),(1127,27,3,6,'брунейке'),(1128,27,4,6,'брунейцах'),(1129,28,1,1,'Буркина-Фасо'),(1130,28,2,1,'буркиниец'),(1131,28,3,1,'буркинийка'),(1132,28,4,1,'буркинийцы'),(1133,28,1,2,'Буркина-Фасо'),(1134,28,2,2,'буркинийца'),(1135,28,3,2,'буркинийки'),(1136,28,4,2,'буркинийцев'),(1137,28,1,3,'Буркина-Фасо'),(1138,28,2,3,'буркинийцу'),(1139,28,3,3,'буркинийке'),(1140,28,4,3,'буркинийцам'),(1141,28,1,4,'Буркина-Фасо'),(1142,28,2,4,'буркинийца'),(1143,28,3,4,'буркинийку'),(1144,28,4,4,'буркинийцев'),(1145,28,1,5,'Буркина-Фасо'),(1146,28,2,5,'буркинийцем'),(1147,28,3,5,'буркинийкой'),(1148,28,4,5,'буркинийцами'),(1149,28,1,6,'о Буркина-Фасо'),(1150,28,2,6,'буркинийце'),(1151,28,3,6,'буркинийке'),(1152,28,4,6,'буркинийцах'),(1153,29,1,1,'Бурунди'),(1154,29,2,1,'бурундиец'),(1155,29,3,1,'бурундийка'),(1156,29,4,1,'бурундийцы'),(1157,29,1,2,'Бурунди'),(1158,29,2,2,'бурундийца'),(1159,29,3,2,'бурундийки'),(1160,29,4,2,'бурундийцев'),(1161,29,1,3,'Бурунди'),(1162,29,2,3,'бурундийцу'),(1163,29,3,3,'бурундийке'),(1164,29,4,3,'бурундийцам'),(1165,29,1,4,'Бурунди'),(1166,29,2,4,'бурундийца'),(1167,29,3,4,'бурундийку'),(1168,29,4,4,'бурундийцев'),(1169,29,1,5,'Бурунди'),(1170,29,2,5,'бурундийцем'),(1171,29,3,5,'бурундийкой'),(1172,29,4,5,'бурундийцами'),(1173,29,1,6,'о Бурунди'),(1174,29,2,6,'бурундийце'),(1175,29,3,6,'бурундийке'),(1176,29,4,6,'бурундийцах'),(1177,30,1,1,'Бутан'),(1178,30,2,1,'бутанец'),(1179,30,3,1,'бутанка'),(1180,30,4,1,'бутанцы'),(1181,30,1,2,'Бутана'),(1182,30,2,2,'бутанца'),(1183,30,3,2,'бутанки'),(1184,30,4,2,'бутанцев'),(1185,30,1,3,'Бутану'),(1186,30,2,3,'бутанцу'),(1187,30,3,3,'бутанке'),(1188,30,4,3,'бутанцам'),(1189,30,1,4,'Бутан'),(1190,30,2,4,'бутанца'),(1191,30,3,4,'бутанку'),(1192,30,4,4,'бутанцев'),(1193,30,1,5,'Бутаном'),(1194,30,2,5,'бутанцем'),(1195,30,3,5,'бутанкой'),(1196,30,4,5,'бутанцами'),(1197,30,1,6,'о Бутане'),(1198,30,2,6,'бутанце'),(1199,30,3,6,'бутанке'),(1200,30,4,6,'бутанцах'),(1201,31,1,1,'Вануату'),(1202,31,2,1,'вануатец'),(1203,31,3,1,'вануатка'),(1204,31,4,1,'вануатцы'),(1205,31,1,2,'Вануату'),(1206,31,2,2,'вануатца'),(1207,31,3,2,'вануатки'),(1208,31,4,2,'вануатцев'),(1209,31,1,3,'Вануату'),(1210,31,2,3,'вануатцу'),(1211,31,3,3,'вануатке'),(1212,31,4,3,'вануатцам'),(1213,31,1,4,'Вануату'),(1214,31,2,4,'вануатца'),(1215,31,3,4,'вануатку'),(1216,31,4,4,'вануатцев'),(1217,31,1,5,'Вануату'),(1218,31,2,5,'вануатцем'),(1219,31,3,5,'вануаткой'),(1220,31,4,5,'вануатцами'),(1221,31,1,6,'о Вануату'),(1222,31,2,6,'вануатце'),(1223,31,3,6,'вануатке'),(1224,31,4,6,'вануатцах'),(1225,32,1,1,'Ватикан'),(1226,32,2,1,'ватиканец'),(1227,32,3,1,'ватиканка'),(1228,32,4,1,'ватиканцы'),(1229,32,1,2,'Ватикана'),(1230,32,2,2,'ватиканца'),(1231,32,3,2,'ватиканки'),(1232,32,4,2,'ватиканцев'),(1233,32,1,3,'Ватикану'),(1234,32,2,3,'ватиканцу'),(1235,32,3,3,'ватиканке'),(1236,32,4,3,'ватиканцам'),(1237,32,1,4,'Ватикан'),(1238,32,2,4,'ватиканца'),(1239,32,3,4,'ватиканку'),(1240,32,4,4,'ватиканцев'),(1241,32,1,5,'Ватиканом'),(1242,32,2,5,'ватиканцем'),(1243,32,3,5,'ватиканкой'),(1244,32,4,5,'ватиканцами'),(1245,32,1,6,'о Ватикане'),(1246,32,2,6,'ватиканце'),(1247,32,3,6,'ватиканке'),(1248,32,4,6,'ватиканцах'),(1249,33,1,1,'Великобритания'),(1250,33,2,1,'британец'),(1251,33,3,1,'британка'),(1252,33,4,1,'британцы'),(1253,33,1,2,'Великобритании'),(1254,33,2,2,'британца'),(1255,33,3,2,'британки'),(1256,33,4,2,'британцев'),(1257,33,1,3,'Великобритании'),(1258,33,2,3,'британцу'),(1259,33,3,3,'британке'),(1260,33,4,3,'британцам'),(1261,33,1,4,'Великобританию'),(1262,33,2,4,'британца'),(1263,33,3,4,'британку'),(1264,33,4,4,'британцев'),(1265,33,1,5,'Великобританией'),(1266,33,2,5,'британцем'),(1267,33,3,5,'британкой'),(1268,33,4,5,'британцами'),(1269,33,1,6,'о Великобритании'),(1270,33,2,6,'британце'),(1271,33,3,6,'британке'),(1272,33,4,6,'британцах'),(1273,34,1,1,'Венгрия'),(1274,34,2,1,'венгр'),(1275,34,3,1,'венгерка'),(1276,34,4,1,'венгры'),(1277,34,1,2,'Венгрии'),(1278,34,2,2,'венгра'),(1279,34,3,2,'венгерки'),(1280,34,4,2,'венгров'),(1281,34,1,3,'Венгрии'),(1282,34,2,3,'венгру'),(1283,34,3,3,'венгерке'),(1284,34,4,3,'венграм'),(1285,34,1,4,'Венгрию'),(1286,34,2,4,'венгра'),(1287,34,3,4,'венгерку'),(1288,34,4,4,'венгров'),(1289,34,1,5,'Венгрией'),(1290,34,2,5,'венгром'),(1291,34,3,5,'венгеркой'),(1292,34,4,5,'венграми'),(1293,34,1,6,'о Венгрии'),(1294,34,2,6,'венгре'),(1295,34,3,6,'венгерке'),(1296,34,4,6,'венграх'),(1297,35,1,1,'Венесуэла'),(1298,35,2,1,'венесуэлец'),(1299,35,3,1,'венесуэлка'),(1300,35,4,1,'венесуэльцы'),(1301,35,1,2,'Венесуэлы'),(1302,35,2,2,'венесуэльца'),(1303,35,3,2,'венесуэлки'),(1304,35,4,2,'венесуэльцев'),(1305,35,1,3,'Венесуэле'),(1306,35,2,3,'венесуэльцу'),(1307,35,3,3,'венесуэлке'),(1308,35,4,3,'венесуэльцам'),(1309,35,1,4,'Венесуэлу'),(1310,35,2,4,'венесуэльца'),(1311,35,3,4,'венесуэлку'),(1312,35,4,4,'венесуэльцев'),(1313,35,1,5,'Венесуэлой'),(1314,35,2,5,'венесуэльцем'),(1315,35,3,5,'венесуэлкой'),(1316,35,4,5,'венесуэльцами'),(1317,35,1,6,'о Венесуэле'),(1318,35,2,6,'венесуэльце'),(1319,35,3,6,'венесуэлке'),(1320,35,4,6,'венесуэльцах'),(1321,36,1,1,'Восточный Тимор'),(1322,36,2,1,'тиморец'),(1323,36,3,1,'тиморка'),(1324,36,4,1,'тиморцы'),(1325,36,1,2,'Восточного Тимора'),(1326,36,2,2,'тиморца'),(1327,36,3,2,'тиморки'),(1328,36,4,2,'тиморцев'),(1329,36,1,3,'Восточному Тимору'),(1330,36,2,3,'тиморцу'),(1331,36,3,3,'тиморке'),(1332,36,4,3,'тиморцам'),(1333,36,1,4,'Восточный Тимор'),(1334,36,2,4,'тиморца'),(1335,36,3,4,'тиморку'),(1336,36,4,4,'тиморцев'),(1337,36,1,5,'Восточным Тимором'),(1338,36,2,5,'тиморцем'),(1339,36,3,5,'тиморкой'),(1340,36,4,5,'тиморцами'),(1341,36,1,6,'о Восточном Тиморе'),(1342,36,2,6,'тиморце'),(1343,36,3,6,'тиморке'),(1344,36,4,6,'тиморцах'),(1345,37,1,1,'Вьетнам'),(1346,37,2,1,'вьетнамец'),(1347,37,3,1,'вьетнамка'),(1348,37,4,1,'вьетнамцы'),(1349,37,1,2,'Вьетнама'),(1350,37,2,2,'вьетнамца'),(1351,37,3,2,'вьетнамки'),(1352,37,4,2,'вьетнамцев'),(1353,37,1,3,'Вьетнаму'),(1354,37,2,3,'вьетнамцу'),(1355,37,3,3,'вьетнамке'),(1356,37,4,3,'вьетнамцам'),(1357,37,1,4,'Вьетнам'),(1358,37,2,4,'вьетнамца'),(1359,37,3,4,'вьетнамку'),(1360,37,4,4,'вьетнамцев'),(1361,37,1,5,'Вьетнамом'),(1362,37,2,5,'вьетнамцем'),(1363,37,3,5,'вьетнамкой'),(1364,37,4,5,'вьетнамцами'),(1365,37,1,6,'о Вьетнаме'),(1366,37,2,6,'вьетнамце'),(1367,37,3,6,'вьетнамке'),(1368,37,4,6,'вьетнамцах'),(1369,38,1,1,'Габон'),(1370,38,2,1,'габонец'),(1371,38,3,1,'габонка'),(1372,38,4,1,'габонцы'),(1373,38,1,2,'Габона'),(1374,38,2,2,'габонца'),(1375,38,3,2,'габонки'),(1376,38,4,2,'габонцев'),(1377,38,1,3,'Габону'),(1378,38,2,3,'габонцу'),(1379,38,3,3,'габонке'),(1380,38,4,3,'габонцам'),(1381,38,1,4,'Габон'),(1382,38,2,4,'габонца'),(1383,38,3,4,'габонку'),(1384,38,4,4,'габонцев'),(1385,38,1,5,'Габоном'),(1386,38,2,5,'габонцем'),(1387,38,3,5,'габонкой'),(1388,38,4,5,'габонцами'),(1389,38,1,6,'о Габоне'),(1390,38,2,6,'габонце'),(1391,38,3,6,'габонке'),(1392,38,4,6,'габонцах'),(1393,39,1,1,'Гаити'),(1394,39,2,1,'гаитянин'),(1395,39,3,1,'гаитянка'),(1396,39,4,1,'гаитяне'),(1397,39,1,2,'Гаити'),(1398,39,2,2,'гаитянина'),(1399,39,3,2,'гаитянки'),(1400,39,4,2,'гаитян'),(1401,39,1,3,'Гаити'),(1402,39,2,3,'гаитянину'),(1403,39,3,3,'гаитянке'),(1404,39,4,3,'гаитянам'),(1405,39,1,4,'Гаити'),(1406,39,2,4,'гаитянина'),(1407,39,3,4,'гаитянку'),(1408,39,4,4,'гаитян'),(1409,39,1,5,'Гаити'),(1410,39,2,5,'гаитянином'),(1411,39,3,5,'гаитянкой'),(1412,39,4,5,'гаитянами'),(1413,39,1,6,'о Гаити'),(1414,39,2,6,'гаитянине'),(1415,39,3,6,'гаитянке'),(1416,39,4,6,'гаитянах'),(1417,40,1,1,'Гайана'),(1418,40,2,1,'гайанец'),(1419,40,3,1,'гайанка'),(1420,40,4,1,'гайанцы'),(1421,40,1,2,'Гайаны'),(1422,40,2,2,'гайанца'),(1423,40,3,2,'гайанки'),(1424,40,4,2,'гайанцев'),(1425,40,1,3,'Гайане'),(1426,40,2,3,'гайанцу'),(1427,40,3,3,'гайанке'),(1428,40,4,3,'гайанцам'),(1429,40,1,4,'Гайану'),(1430,40,2,4,'гайанца'),(1431,40,3,4,'гайанку'),(1432,40,4,4,'гайанцев'),(1433,40,1,5,'Гайаной'),(1434,40,2,5,'гайанцем'),(1435,40,3,5,'гайанкой'),(1436,40,4,5,'гайанцами'),(1437,40,1,6,'о Гайане'),(1438,40,2,6,'гайанце'),(1439,40,3,6,'гайанке'),(1440,40,4,6,'гайанцах'),(1441,41,1,1,'Гамбия'),(1442,41,2,1,'гамбиец'),(1443,41,3,1,'гамбийка'),(1444,41,4,1,'гамбийцы'),(1445,41,1,2,'Гамбии'),(1446,41,2,2,'гамбийца'),(1447,41,3,2,'гамбийки'),(1448,41,4,2,'гамбийцев'),(1449,41,1,3,'Гамбии'),(1450,41,2,3,'гамбийцу'),(1451,41,3,3,'гамбийке'),(1452,41,4,3,'гамбийцам'),(1453,41,1,4,'Гамбию'),(1454,41,2,4,'гамбийца'),(1455,41,3,4,'гамбийку'),(1456,41,4,4,'гамбийцев'),(1457,41,1,5,'Гамбией'),(1458,41,2,5,'гамбийцем'),(1459,41,3,5,'гамбийкой'),(1460,41,4,5,'гамбийцами'),(1461,41,1,6,'о Гамбии'),(1462,41,2,6,'гамбийце'),(1463,41,3,6,'гамбийке'),(1464,41,4,6,'гамбийцах'),(1465,42,1,1,'Гана'),(1466,42,2,1,'ганец'),(1467,42,3,1,'ганка'),(1468,42,4,1,'ганцы'),(1469,42,1,2,'Ганы'),(1470,42,2,2,'ганца'),(1471,42,3,2,'ганки'),(1472,42,4,2,'ганцев'),(1473,42,1,3,'Гане'),(1474,42,2,3,'ганцу'),(1475,42,3,3,'ганке'),(1476,42,4,3,'ганцам'),(1477,42,1,4,'Гану'),(1478,42,2,4,'ганца'),(1479,42,3,4,'ганку'),(1480,42,4,4,'ганцев'),(1481,42,1,5,'Ганой'),(1482,42,2,5,'ганцем'),(1483,42,3,5,'ганкой'),(1484,42,4,5,'ганцами'),(1485,42,1,6,'о Гане'),(1486,42,2,6,'ганце'),(1487,42,3,6,'ганке'),(1488,42,4,6,'ганцах'),(1489,43,1,1,'Гватемала'),(1490,43,2,1,'гватемалец'),(1491,43,3,1,'гватемалка'),(1492,43,4,1,'гватемальцы'),(1493,43,1,2,'Гватемалы'),(1494,43,2,2,'гватемалца'),(1495,43,3,2,'гватемалки'),(1496,43,4,2,'гватемальцев'),(1497,43,1,3,'Гватемале'),(1498,43,2,3,'гватемалцу'),(1499,43,3,3,'гватемалке'),(1500,43,4,3,'гватемальцам'),(1501,43,1,4,'Гватемалу'),(1502,43,2,4,'гватемалца'),(1503,43,3,4,'гватемалку'),(1504,43,4,4,'гватемальцев'),(1505,43,1,5,'Гватемалой'),(1506,43,2,5,'гватемалцем'),(1507,43,3,5,'гватемалкой'),(1508,43,4,5,'гватемальцами'),(1509,43,1,6,'о Гватемале'),(1510,43,2,6,'гватемалце'),(1511,43,3,6,'гватемалке'),(1512,43,4,6,'гватемальцах'),(1513,44,1,1,'Гвинея'),(1514,44,2,1,'гвинеец'),(1515,44,3,1,'гвинейка'),(1516,44,4,1,'гвинейцы'),(1517,44,1,2,'Гвинеи'),(1518,44,2,2,'гвинеца'),(1519,44,3,2,'гвинейки'),(1520,44,4,2,'гвинейцев'),(1521,44,1,3,'Гвинее'),(1522,44,2,3,'гвинецу'),(1523,44,3,3,'гвинейке'),(1524,44,4,3,'гвинейцам'),(1525,44,1,4,'Гвинею'),(1526,44,2,4,'гвинеца'),(1527,44,3,4,'гвинейку'),(1528,44,4,4,'гвинейцев'),(1529,44,1,5,'Гвинеей'),(1530,44,2,5,'гвинецем'),(1531,44,3,5,'гвинейкой'),(1532,44,4,5,'гвинейцами'),(1533,44,1,6,'о Гвинее'),(1534,44,2,6,'гвинеце'),(1535,44,3,6,'гвинейке'),(1536,44,4,6,'гвинейцах'),(1537,45,1,1,'Гвинея-Бисау'),(1538,45,2,1,'бисау-гвинеец'),(1539,45,3,1,'бисау-гвинейка'),(1540,45,4,1,'бисау-гвинейцы'),(1541,45,1,2,'Гвинеи-Бисау'),(1542,45,2,2,'бисау-гвинеца'),(1543,45,3,2,'бисау-гвинейки'),(1544,45,4,2,'бисау-гвинейцев'),(1545,45,1,3,'Гвинее-Бисау'),(1546,45,2,3,'бисау-гвинецу'),(1547,45,3,3,'бисау-гвинейке'),(1548,45,4,3,'бисау-гвинейцам'),(1549,45,1,4,'Гвинею-Бисау'),(1550,45,2,4,'бисау-гвинеца'),(1551,45,3,4,'бисау-гвинейку'),(1552,45,4,4,'бисау-гвинейцев'),(1553,45,1,5,'Гвинеей-Бисау'),(1554,45,2,5,'бисау-гвинецем'),(1555,45,3,5,'бисау-гвинейкой'),(1556,45,4,5,'бисау-гвинейцами'),(1557,45,1,6,'о Гвинее-Бисау'),(1558,45,2,6,'бисау-гвинеце'),(1559,45,3,6,'бисау-гвинейке'),(1560,45,4,6,'бисау-гвинейцах'),(1561,46,1,1,'Германия'),(1562,46,2,1,'немец'),(1563,46,3,1,'немка'),(1564,46,4,1,'немцы'),(1565,46,1,2,'Германии'),(1566,46,2,2,'немца'),(1567,46,3,2,'немки'),(1568,46,4,2,'немцев'),(1569,46,1,3,'Германии'),(1570,46,2,3,'немцу'),(1571,46,3,3,'немке'),(1572,46,4,3,'немцам'),(1573,46,1,4,'Германию'),(1574,46,2,4,'немца'),(1575,46,3,4,'немку'),(1576,46,4,4,'немцев'),(1577,46,1,5,'Германией'),(1578,46,2,5,'немцем'),(1579,46,3,5,'немкой'),(1580,46,4,5,'немцами'),(1581,46,1,6,'о Германии'),(1582,46,2,6,'немце'),(1583,46,3,6,'немке'),(1584,46,4,6,'немцах'),(1585,47,1,1,'Гондурас'),(1586,47,2,1,'гондурасец'),(1587,47,3,1,'гондураска'),(1588,47,4,1,'гондурасцы'),(1589,47,1,2,'Гондураса'),(1590,47,2,2,'гондурасца'),(1591,47,3,2,'гондураски'),(1592,47,4,2,'гондурасцев'),(1593,47,1,3,'Гондурасу'),(1594,47,2,3,'гондурасцу'),(1595,47,3,3,'гондураске'),(1596,47,4,3,'гондурасцам'),(1597,47,1,4,'Гондурас'),(1598,47,2,4,'гондурасца'),(1599,47,3,4,'гондураску'),(1600,47,4,4,'гондурасцев'),(1601,47,1,5,'Гондурасом'),(1602,47,2,5,'гондурасцем'),(1603,47,3,5,'гондураской'),(1604,47,4,5,'гондурасцами'),(1605,47,1,6,'о Гондурасе'),(1606,47,2,6,'гондурасце'),(1607,47,3,6,'гондураске'),(1608,47,4,6,'гондурасцах'),(1609,48,1,1,'Гренада'),(1610,48,2,1,'гренадец'),(1611,48,3,1,'гренадка'),(1612,48,4,1,'гренадцы'),(1613,48,1,2,'Гренады'),(1614,48,2,2,'гренадца'),(1615,48,3,2,'гренадки'),(1616,48,4,2,'гренадцев'),(1617,48,1,3,'Гренаде'),(1618,48,2,3,'гренадцу'),(1619,48,3,3,'гренадке'),(1620,48,4,3,'гренадцам'),(1621,48,1,4,'Гренаду'),(1622,48,2,4,'гренадца'),(1623,48,3,4,'гренадку'),(1624,48,4,4,'гренадцев'),(1625,48,1,5,'Гренадой'),(1626,48,2,5,'гренадцем'),(1627,48,3,5,'гренадкой'),(1628,48,4,5,'гренадцами'),(1629,48,1,6,'о Гренаде'),(1630,48,2,6,'гренадце'),(1631,48,3,6,'гренадке'),(1632,48,4,6,'гренадцах'),(1633,49,1,1,'Греция'),(1634,49,2,1,'грек'),(1635,49,3,1,'гречанка'),(1636,49,4,1,'греки'),(1637,49,1,2,'Греции'),(1638,49,2,2,'грека'),(1639,49,3,2,'гречанки'),(1640,49,4,2,'грекиов'),(1641,49,1,3,'Греции'),(1642,49,2,3,'греку'),(1643,49,3,3,'гречанке'),(1644,49,4,3,'грекиам'),(1645,49,1,4,'Грецию'),(1646,49,2,4,'грека'),(1647,49,3,4,'гречанку'),(1648,49,4,4,'грекиов'),(1649,49,1,5,'Грецией'),(1650,49,2,5,'греком'),(1651,49,3,5,'гречанкой'),(1652,49,4,5,'грекиами'),(1653,49,1,6,'о Греции'),(1654,49,2,6,'греке'),(1655,49,3,6,'гречанке'),(1656,49,4,6,'грекиах'),(1657,50,1,1,'Грузия'),(1658,50,2,1,'грузин'),(1659,50,3,1,'грузинка'),(1660,50,4,1,'грузины'),(1661,50,1,2,'Грузии'),(1662,50,2,2,'грузина'),(1663,50,3,2,'грузинки'),(1664,50,4,2,'грузиныов'),(1665,50,1,3,'Грузии'),(1666,50,2,3,'грузину'),(1667,50,3,3,'грузинке'),(1668,50,4,3,'грузиныам'),(1669,50,1,4,'Грузию'),(1670,50,2,4,'грузина'),(1671,50,3,4,'грузинку'),(1672,50,4,4,'грузиныов'),(1673,50,1,5,'Грузией'),(1674,50,2,5,'грузином'),(1675,50,3,5,'грузинкой'),(1676,50,4,5,'грузиныами'),(1677,50,1,6,'о Грузии'),(1678,50,2,6,'грузине'),(1679,50,3,6,'грузинке'),(1680,50,4,6,'грузиныах'),(1681,51,1,1,'Дания'),(1682,51,2,1,'датчанин'),(1683,51,3,1,'датчанка'),(1684,51,4,1,'датчане'),(1685,51,1,2,'Дании'),(1686,51,2,2,'датчанина'),(1687,51,3,2,'датчанки'),(1688,51,4,2,'датчан'),(1689,51,1,3,'Дании'),(1690,51,2,3,'датчанину'),(1691,51,3,3,'датчанке'),(1692,51,4,3,'датчанам'),(1693,51,1,4,'Данию'),(1694,51,2,4,'датчанина'),(1695,51,3,4,'датчанку'),(1696,51,4,4,'датчан'),(1697,51,1,5,'Данией'),(1698,51,2,5,'датчанином'),(1699,51,3,5,'датчанкой'),(1700,51,4,5,'датчанами'),(1701,51,1,6,'о Дании'),(1702,51,2,6,'датчанине'),(1703,51,3,6,'датчанке'),(1704,51,4,6,'датчанах'),(1705,52,1,1,'Демократическая Республика Конго'),(1706,52,2,1,'конголезец'),(1707,52,3,1,'конголезка'),(1708,52,4,1,'конголезцы'),(1709,52,1,2,'Демократической Республики Конго'),(1710,52,2,2,'конголезца'),(1711,52,3,2,'конголезки'),(1712,52,4,2,'конголезцев'),(1713,52,1,3,'Демократической Республике Конго'),(1714,52,2,3,'конголезцу'),(1715,52,3,3,'конголезке'),(1716,52,4,3,'конголезцам'),(1717,52,1,4,'Демократическую Республику Конго'),(1718,52,2,4,'конголезца'),(1719,52,3,4,'конголезку'),(1720,52,4,4,'конголезцев'),(1721,52,1,5,'Демократической Республикой Конго'),(1722,52,2,5,'конголезцем'),(1723,52,3,5,'конголезкой'),(1724,52,4,5,'конголезцами'),(1725,52,1,6,'о Демократической Республике Конго'),(1726,52,2,6,'конголезце'),(1727,52,3,6,'конголезке'),(1728,52,4,6,'конголезцах'),(1729,53,1,1,'Джибути'),(1730,53,2,1,'джибутиец'),(1731,53,3,1,'джибутийка'),(1732,53,4,1,'джибутийцы'),(1733,53,1,2,'Джибути'),(1734,53,2,2,'джибутийца'),(1735,53,3,2,'джибутийки'),(1736,53,4,2,'джибутийцев'),(1737,53,1,3,'Джибути'),(1738,53,2,3,'джибутийцу'),(1739,53,3,3,'джибутийке'),(1740,53,4,3,'джибутийцам'),(1741,53,1,4,'Джибути'),(1742,53,2,4,'джибутийца'),(1743,53,3,4,'джибутийку'),(1744,53,4,4,'джибутийцев'),(1745,53,1,5,'Джибути'),(1746,53,2,5,'джибутийцем'),(1747,53,3,5,'джибутийкой'),(1748,53,4,5,'джибутийцами'),(1749,53,1,6,'о Джибути'),(1750,53,2,6,'джибутийце'),(1751,53,3,6,'джибутийке'),(1752,53,4,6,'джибутийцах'),(1753,54,1,1,'Доминика'),(1754,54,2,1,'доминиканец'),(1755,54,3,1,'доминиканка'),(1756,54,4,1,'доминиканцы'),(1757,54,1,2,'Доминики'),(1758,54,2,2,'доминиканца'),(1759,54,3,2,'доминиканки'),(1760,54,4,2,'доминиканцев'),(1761,54,1,3,'Доминике'),(1762,54,2,3,'доминиканцу'),(1763,54,3,3,'доминиканке'),(1764,54,4,3,'доминиканцам'),(1765,54,1,4,'Доминику'),(1766,54,2,4,'доминиканца'),(1767,54,3,4,'доминиканку'),(1768,54,4,4,'доминиканцев'),(1769,54,1,5,'Доминикой'),(1770,54,2,5,'доминиканцем'),(1771,54,3,5,'доминиканкой'),(1772,54,4,5,'доминиканцами'),(1773,54,1,6,'о Доминике'),(1774,54,2,6,'доминиканце'),(1775,54,3,6,'доминиканке'),(1776,54,4,6,'доминиканцах'),(1777,55,1,1,'Доминикана'),(1778,55,2,1,'доминиканец'),(1779,55,3,1,'доминиканка'),(1780,55,4,1,'доминиканцы'),(1781,55,1,2,'Доминиканы'),(1782,55,2,2,'доминиканца'),(1783,55,3,2,'доминиканки'),(1784,55,4,2,'доминиканцев'),(1785,55,1,3,'Доминикане'),(1786,55,2,3,'доминиканцу'),(1787,55,3,3,'доминиканке'),(1788,55,4,3,'доминиканцам'),(1789,55,1,4,'Доминикану'),(1790,55,2,4,'доминиканца'),(1791,55,3,4,'доминиканку'),(1792,55,4,4,'доминиканцев'),(1793,55,1,5,'Доминиканой'),(1794,55,2,5,'доминиканцем'),(1795,55,3,5,'доминиканкой'),(1796,55,4,5,'доминиканцами'),(1797,55,1,6,'о Доминикане'),(1798,55,2,6,'доминиканце'),(1799,55,3,6,'доминиканке'),(1800,55,4,6,'доминиканцах'),(1801,56,1,1,'Египет'),(1802,56,2,1,'египтянин'),(1803,56,3,1,'египтянка'),(1804,56,4,1,'египтяне'),(1805,56,1,2,'Египта'),(1806,56,2,2,'египтянина'),(1807,56,3,2,'египтянки'),(1808,56,4,2,'египтян'),(1809,56,1,3,'Египту'),(1810,56,2,3,'египтянину'),(1811,56,3,3,'египтянке'),(1812,56,4,3,'египтянам'),(1813,56,1,4,'Египет'),(1814,56,2,4,'египтянина'),(1815,56,3,4,'египтянку'),(1816,56,4,4,'египтян'),(1817,56,1,5,'Египтом'),(1818,56,2,5,'египтянином'),(1819,56,3,5,'египтянкой'),(1820,56,4,5,'египтянами'),(1821,56,1,6,'об Египте'),(1822,56,2,6,'египтянине'),(1823,56,3,6,'египтянке'),(1824,56,4,6,'египтянах'),(1825,57,1,1,'Замбия'),(1826,57,2,1,'замбиец'),(1827,57,3,1,'замбийка'),(1828,57,4,1,'замбийцы'),(1829,57,1,2,'Замбии'),(1830,57,2,2,'замбийца'),(1831,57,3,2,'замбийки'),(1832,57,4,2,'замбийцев'),(1833,57,1,3,'Замбии'),(1834,57,2,3,'замбийцу'),(1835,57,3,3,'замбийке'),(1836,57,4,3,'замбийцам'),(1837,57,1,4,'Замбию'),(1838,57,2,4,'замбийца'),(1839,57,3,4,'замбийку'),(1840,57,4,4,'замбийцев'),(1841,57,1,5,'Замбией'),(1842,57,2,5,'замбийцем'),(1843,57,3,5,'замбийкой'),(1844,57,4,5,'замбийцами'),(1845,57,1,6,'о Замбии'),(1846,57,2,6,'замбийце'),(1847,57,3,6,'замбийке'),(1848,57,4,6,'замбийцах'),(1849,58,1,1,'Зимбабве'),(1850,58,2,1,'зимбабвиец'),(1851,58,3,1,'зимбабвийка'),(1852,58,4,1,'зимбабвийцы'),(1853,58,1,2,'Зимбабве'),(1854,58,2,2,'зимбабвийца'),(1855,58,3,2,'зимбабвийки'),(1856,58,4,2,'зимбабвийцев'),(1857,58,1,3,'Зимбабве'),(1858,58,2,3,'зимбабвийцу'),(1859,58,3,3,'зимбабвийке'),(1860,58,4,3,'зимбабвийцам'),(1861,58,1,4,'Зимбабве'),(1862,58,2,4,'зимбабвийца'),(1863,58,3,4,'зимбабвийку'),(1864,58,4,4,'зимбабвийцев'),(1865,58,1,5,'Зимбабве'),(1866,58,2,5,'зимбабвийцем'),(1867,58,3,5,'зимбабвийкой'),(1868,58,4,5,'зимбабвийцами'),(1869,58,1,6,'о Зимбабве'),(1870,58,2,6,'зимбабвийце'),(1871,58,3,6,'зимбабвийке'),(1872,58,4,6,'зимбабвийцах'),(1873,59,1,1,'Израиль'),(1874,59,2,1,'израильтянин'),(1875,59,3,1,'израильтянка'),(1876,59,4,1,'израильтяне'),(1877,59,1,2,'Израиля'),(1878,59,2,2,'израильтянина'),(1879,59,3,2,'израильтянки'),(1880,59,4,2,'израильтян'),(1881,59,1,3,'Израилю'),(1882,59,2,3,'израильтянину'),(1883,59,3,3,'израильтянке'),(1884,59,4,3,'израильтянам'),(1885,59,1,4,'Израиль'),(1886,59,2,4,'израильтянина'),(1887,59,3,4,'израильтянку'),(1888,59,4,4,'израильтян'),(1889,59,1,5,'Израилем'),(1890,59,2,5,'израильтянином'),(1891,59,3,5,'израильтянкой'),(1892,59,4,5,'израильтянами'),(1893,59,1,6,'об Израиле'),(1894,59,2,6,'израильтянине'),(1895,59,3,6,'израильтянке'),(1896,59,4,6,'израильтянах'),(1897,60,1,1,'Индия'),(1898,60,2,1,'индиец'),(1899,60,3,1,'индианка'),(1900,60,4,1,'индийцы'),(1901,60,1,2,'Индии'),(1902,60,2,2,'индийца'),(1903,60,3,2,'индианки'),(1904,60,4,2,'индийцев'),(1905,60,1,3,'Индии'),(1906,60,2,3,'индийцу'),(1907,60,3,3,'индианке'),(1908,60,4,3,'индийцам'),(1909,60,1,4,'Индию'),(1910,60,2,4,'индийца'),(1911,60,3,4,'индианку'),(1912,60,4,4,'индийцев'),(1913,60,1,5,'Индией'),(1914,60,2,5,'индийцем'),(1915,60,3,5,'индианкой'),(1916,60,4,5,'индийцами'),(1917,60,1,6,'об Индии'),(1918,60,2,6,'индийце'),(1919,60,3,6,'индианке'),(1920,60,4,6,'индийцах'),(1921,61,1,1,'Индонезия'),(1922,61,2,1,'индонезиец'),(1923,61,3,1,'индонезийка'),(1924,61,4,1,'индонезийцы'),(1925,61,1,2,'Индонезии'),(1926,61,2,2,'индонезийца'),(1927,61,3,2,'индонезийки'),(1928,61,4,2,'индонезийцев'),(1929,61,1,3,'Индонезии'),(1930,61,2,3,'индонезийцу'),(1931,61,3,3,'индонезийке'),(1932,61,4,3,'индонезийцам'),(1933,61,1,4,'Индонезию'),(1934,61,2,4,'индонезийца'),(1935,61,3,4,'индонезийку'),(1936,61,4,4,'индонезийцев'),(1937,61,1,5,'Индонезией'),(1938,61,2,5,'индонезийцем'),(1939,61,3,5,'индонезийкой'),(1940,61,4,5,'индонезийцами'),(1941,61,1,6,'об Индонезии'),(1942,61,2,6,'индонезийце'),(1943,61,3,6,'индонезийке'),(1944,61,4,6,'индонезийцах'),(1945,62,1,1,'Иордания'),(1946,62,2,1,'иорданец'),(1947,62,3,1,'иорданка'),(1948,62,4,1,'иорданцы'),(1949,62,1,2,'Иордании'),(1950,62,2,2,'иорданца'),(1951,62,3,2,'иорданки'),(1952,62,4,2,'иорданцев'),(1953,62,1,3,'Иордании'),(1954,62,2,3,'иорданцу'),(1955,62,3,3,'иорданке'),(1956,62,4,3,'иорданцам'),(1957,62,1,4,'Иорданию'),(1958,62,2,4,'иорданца'),(1959,62,3,4,'иорданку'),(1960,62,4,4,'иорданцев'),(1961,62,1,5,'Иорданией'),(1962,62,2,5,'иорданцем'),(1963,62,3,5,'иорданкой'),(1964,62,4,5,'иорданцами'),(1965,62,1,6,'об Иордании'),(1966,62,2,6,'иорданце'),(1967,62,3,6,'иорданке'),(1968,62,4,6,'иорданцах'),(1969,63,1,1,'Ирак'),(1970,63,2,1,'иракец'),(1971,63,3,1,'иракша'),(1972,63,4,1,'иракцы'),(1973,63,1,2,'Ирака'),(1974,63,2,2,'иракца'),(1975,63,3,2,''),(1976,63,4,2,'иракцев'),(1977,63,1,3,'Ираку'),(1978,63,2,3,'иракцу'),(1979,63,3,3,''),(1980,63,4,3,'иракцам'),(1981,63,1,4,'Ирак'),(1982,63,2,4,'иракца'),(1983,63,3,4,''),(1984,63,4,4,'иракцев'),(1985,63,1,5,'Ираком'),(1986,63,2,5,'иракцем'),(1987,63,3,5,''),(1988,63,4,5,'иракцами'),(1989,63,1,6,'об Ираке'),(1990,63,2,6,'иракце'),(1991,63,3,6,''),(1992,63,4,6,'иракцах'),(1993,64,1,1,'Иран'),(1994,64,2,1,'иранец'),(1995,64,3,1,'иранка'),(1996,64,4,1,'иранцы'),(1997,64,1,2,'Ирана'),(1998,64,2,2,'иранца'),(1999,64,3,2,'иранки'),(2000,64,4,2,'иранцев'),(2001,64,1,3,'Ирану'),(2002,64,2,3,'иранцу'),(2003,64,3,3,'иранке'),(2004,64,4,3,'иранцам'),(2005,64,1,4,'Иран'),(2006,64,2,4,'иранца'),(2007,64,3,4,'иранку'),(2008,64,4,4,'иранцев'),(2009,64,1,5,'Ираном'),(2010,64,2,5,'иранцем'),(2011,64,3,5,'иранкой'),(2012,64,4,5,'иранцами'),(2013,64,1,6,'об Иране'),(2014,64,2,6,'иранце'),(2015,64,3,6,'иранке'),(2016,64,4,6,'иранцах'),(2017,65,1,1,'Ирландия'),(2018,65,2,1,'ирландец'),(2019,65,3,1,'ирландка'),(2020,65,4,1,'ирландцы'),(2021,65,1,2,'Ирландии'),(2022,65,2,2,'ирландца'),(2023,65,3,2,'ирландки'),(2024,65,4,2,'ирландцев'),(2025,65,1,3,'Ирландии'),(2026,65,2,3,'ирландцу'),(2027,65,3,3,'ирландке'),(2028,65,4,3,'ирландцам'),(2029,65,1,4,'Ирландию'),(2030,65,2,4,'ирландца'),(2031,65,3,4,'ирландку'),(2032,65,4,4,'ирландцев'),(2033,65,1,5,'Ирландией'),(2034,65,2,5,'ирландцем'),(2035,65,3,5,'ирландкой'),(2036,65,4,5,'ирландцами'),(2037,65,1,6,'об Ирландии'),(2038,65,2,6,'ирландце'),(2039,65,3,6,'ирландке'),(2040,65,4,6,'ирландцах'),(2041,66,1,1,'Исландия'),(2042,66,2,1,'исландец'),(2043,66,3,1,'исландка'),(2044,66,4,1,'исландцы'),(2045,66,1,2,'Исландии'),(2046,66,2,2,'исландца'),(2047,66,3,2,'исландки'),(2048,66,4,2,'исландцев'),(2049,66,1,3,'Исландии'),(2050,66,2,3,'исландцу'),(2051,66,3,3,'исландке'),(2052,66,4,3,'исландцам'),(2053,66,1,4,'Исландию'),(2054,66,2,4,'исландца'),(2055,66,3,4,'исландку'),(2056,66,4,4,'исландцев'),(2057,66,1,5,'Исландией'),(2058,66,2,5,'исландцем'),(2059,66,3,5,'исландкой'),(2060,66,4,5,'исландцами'),(2061,66,1,6,'об Исландии'),(2062,66,2,6,'исландце'),(2063,66,3,6,'исландке'),(2064,66,4,6,'исландцах'),(2065,67,1,1,'Испания'),(2066,67,2,1,'испанец'),(2067,67,3,1,'испанка'),(2068,67,4,1,'испанцы'),(2069,67,1,2,'Испании'),(2070,67,2,2,'испанца'),(2071,67,3,2,'испанки'),(2072,67,4,2,'испанцев'),(2073,67,1,3,'Испании'),(2074,67,2,3,'испанцу'),(2075,67,3,3,'испанке'),(2076,67,4,3,'испанцам'),(2077,67,1,4,'Испанию'),(2078,67,2,4,'испанца'),(2079,67,3,4,'испанку'),(2080,67,4,4,'испанцев'),(2081,67,1,5,'Испанией'),(2082,67,2,5,'испанцем'),(2083,67,3,5,'испанкой'),(2084,67,4,5,'испанцами'),(2085,67,1,6,'об Испании'),(2086,67,2,6,'испанце'),(2087,67,3,6,'испанке'),(2088,67,4,6,'испанцах'),(2089,68,1,1,'Италия'),(2090,68,2,1,'итальянец'),(2091,68,3,1,'итальянка'),(2092,68,4,1,'итальянцы'),(2093,68,1,2,'Италии'),(2094,68,2,2,'итальянца'),(2095,68,3,2,'итальянки'),(2096,68,4,2,'итальянцев'),(2097,68,1,3,'Италии'),(2098,68,2,3,'итальянцу'),(2099,68,3,3,'итальянке'),(2100,68,4,3,'итальянцам'),(2101,68,1,4,'Италию'),(2102,68,2,4,'итальянца'),(2103,68,3,4,'итальянку'),(2104,68,4,4,'итальянцев'),(2105,68,1,5,'Италией'),(2106,68,2,5,'итальянцем'),(2107,68,3,5,'итальянкой'),(2108,68,4,5,'итальянцами'),(2109,68,1,6,'об Италии'),(2110,68,2,6,'итальянце'),(2111,68,3,6,'итальянке'),(2112,68,4,6,'итальянцах'),(2113,69,1,1,'Йемен'),(2114,69,2,1,'йеменец'),(2115,69,3,1,'йеменка'),(2116,69,4,1,'йеменцы'),(2117,69,1,2,'Йемена'),(2118,69,2,2,'йеменца'),(2119,69,3,2,'йеменки'),(2120,69,4,2,'йеменцев'),(2121,69,1,3,'Йемену'),(2122,69,2,3,'йеменцу'),(2123,69,3,3,'йеменке'),(2124,69,4,3,'йеменцам'),(2125,69,1,4,'Йемен'),(2126,69,2,4,'йеменца'),(2127,69,3,4,'йеменку'),(2128,69,4,4,'йеменцев'),(2129,69,1,5,'Йеменом'),(2130,69,2,5,'йеменцем'),(2131,69,3,5,'йеменкой'),(2132,69,4,5,'йеменцами'),(2133,69,1,6,'о Йемене'),(2134,69,2,6,'йеменце'),(2135,69,3,6,'йеменке'),(2136,69,4,6,'йеменцах'),(2137,70,1,1,'Кабо-Верде'),(2138,70,2,1,'кабовердианец'),(2139,70,3,1,'кабовердианка'),(2140,70,4,1,'кабовердианцы'),(2141,70,1,2,'Кабо-Верде'),(2142,70,2,2,'кабовердианца'),(2143,70,3,2,'кабовердианки'),(2144,70,4,2,'кабовердианцев'),(2145,70,1,3,'Кабо-Верде'),(2146,70,2,3,'кабовердианцу'),(2147,70,3,3,'кабовердианке'),(2148,70,4,3,'кабовердианцам'),(2149,70,1,4,'Кабо-Верде'),(2150,70,2,4,'кабовердианца'),(2151,70,3,4,'кабовердианку'),(2152,70,4,4,'кабовердианцев'),(2153,70,1,5,'Кабо-Верде'),(2154,70,2,5,'кабовердианцем'),(2155,70,3,5,'кабовердианкой'),(2156,70,4,5,'кабовердианцами'),(2157,70,1,6,'о Кабо-Верде'),(2158,70,2,6,'кабовердианце'),(2159,70,3,6,'кабовердианке'),(2160,70,4,6,'кабовердианцах'),(2161,71,1,1,'Казахстан'),(2162,71,2,1,'казахстанец'),(2163,71,3,1,'казахстанка'),(2164,71,4,1,'казахстанцы'),(2165,71,1,2,'Казахстана'),(2166,71,2,2,'казахстанца'),(2167,71,3,2,'казахстанки'),(2168,71,4,2,'казахстанцев'),(2169,71,1,3,'Казахстану'),(2170,71,2,3,'казахстанцу'),(2171,71,3,3,'казахстанке'),(2172,71,4,3,'казахстанцам'),(2173,71,1,4,'Казахстан'),(2174,71,2,4,'казахстанца'),(2175,71,3,4,'казахстанку'),(2176,71,4,4,'казахстанцев'),(2177,71,1,5,'Казахстаном'),(2178,71,2,5,'казахстанцем'),(2179,71,3,5,'казахстанкой'),(2180,71,4,5,'казахстанцами'),(2181,71,1,6,'о Казахстане'),(2182,71,2,6,'казахстанце'),(2183,71,3,6,'казахстанке'),(2184,71,4,6,'казахстанцах'),(2185,72,1,1,'Камбоджа'),(2186,72,2,1,'камбоджиец'),(2187,72,3,1,'камбоджийка'),(2188,72,4,1,'камбоджийцы'),(2189,72,1,2,'Камбоджи'),(2190,72,2,2,'камбоджийца'),(2191,72,3,2,'камбоджийки'),(2192,72,4,2,'камбоджийцев'),(2193,72,1,3,'Камбодже'),(2194,72,2,3,'камбоджийцу'),(2195,72,3,3,'камбоджийке'),(2196,72,4,3,'камбоджийцам'),(2197,72,1,4,'Камбоджу'),(2198,72,2,4,'камбоджийца'),(2199,72,3,4,'камбоджийку'),(2200,72,4,4,'камбоджийцев'),(2201,72,1,5,'Камбоджой'),(2202,72,2,5,'камбоджийцем'),(2203,72,3,5,'камбоджийкой'),(2204,72,4,5,'камбоджийцами'),(2205,72,1,6,'о Камбодже'),(2206,72,2,6,'камбоджийце'),(2207,72,3,6,'камбоджийке'),(2208,72,4,6,'камбоджийцах'),(2209,73,1,1,'Камерун'),(2210,73,2,1,'камерунец'),(2211,73,3,1,'камерунка'),(2212,73,4,1,'камерунцы'),(2213,73,1,2,'Камеруна'),(2214,73,2,2,'камерунца'),(2215,73,3,2,'камерунки'),(2216,73,4,2,'камерунцев'),(2217,73,1,3,'Камеруну'),(2218,73,2,3,'камерунцу'),(2219,73,3,3,'камерунке'),(2220,73,4,3,'камерунцам'),(2221,73,1,4,'Камерун'),(2222,73,2,4,'камерунца'),(2223,73,3,4,'камерунку'),(2224,73,4,4,'камерунцев'),(2225,73,1,5,'Камеруном'),(2226,73,2,5,'камерунцем'),(2227,73,3,5,'камерункой'),(2228,73,4,5,'камерунцами'),(2229,73,1,6,'о Камеруне'),(2230,73,2,6,'камерунце'),(2231,73,3,6,'камерунке'),(2232,73,4,6,'камерунцах'),(2233,74,1,1,'Канада'),(2234,74,2,1,'канадец'),(2235,74,3,1,'канадка'),(2236,74,4,1,'канадцы'),(2237,74,1,2,'Канады'),(2238,74,2,2,'канадца'),(2239,74,3,2,'канадки'),(2240,74,4,2,'канадцев'),(2241,74,1,3,'Канаде'),(2242,74,2,3,'канадцу'),(2243,74,3,3,'канадке'),(2244,74,4,3,'канадцам'),(2245,74,1,4,'Канаду'),(2246,74,2,4,'канадца'),(2247,74,3,4,'канадку'),(2248,74,4,4,'канадцев'),(2249,74,1,5,'Канадой'),(2250,74,2,5,'канадцем'),(2251,74,3,5,'канадкой'),(2252,74,4,5,'канадцами'),(2253,74,1,6,'о Канаде'),(2254,74,2,6,'канадце'),(2255,74,3,6,'канадке'),(2256,74,4,6,'канадцах'),(2257,75,1,1,'Катар'),(2258,75,2,1,'катарец'),(2259,75,3,1,'катарка'),(2260,75,4,1,'катарцы'),(2261,75,1,2,'Катара'),(2262,75,2,2,'катарца'),(2263,75,3,2,'катарки'),(2264,75,4,2,'катарцев'),(2265,75,1,3,'Катару'),(2266,75,2,3,'катарцу'),(2267,75,3,3,'катарке'),(2268,75,4,3,'катарцам'),(2269,75,1,4,'Катар'),(2270,75,2,4,'катарца'),(2271,75,3,4,'катарку'),(2272,75,4,4,'катарцев'),(2273,75,1,5,'Катаром'),(2274,75,2,5,'катарцем'),(2275,75,3,5,'катаркой'),(2276,75,4,5,'катарцами'),(2277,75,1,6,'о Катаре'),(2278,75,2,6,'катарце'),(2279,75,3,6,'катарке'),(2280,75,4,6,'катарцах'),(2281,76,1,1,'Кения'),(2282,76,2,1,'кениец'),(2283,76,3,1,'кенийка'),(2284,76,4,1,'кенийцы'),(2285,76,1,2,'Кении'),(2286,76,2,2,'кенийца'),(2287,76,3,2,'кенийки'),(2288,76,4,2,'кенийцев'),(2289,76,1,3,'Кении'),(2290,76,2,3,'кенийцу'),(2291,76,3,3,'кенийке'),(2292,76,4,3,'кенийцам'),(2293,76,1,4,'Кению'),(2294,76,2,4,'кенийца'),(2295,76,3,4,'кенийку'),(2296,76,4,4,'кенийцев'),(2297,76,1,5,'Кенией'),(2298,76,2,5,'кенийцем'),(2299,76,3,5,'кенийкой'),(2300,76,4,5,'кенийцами'),(2301,76,1,6,'о Кении'),(2302,76,2,6,'кенийце'),(2303,76,3,6,'кенийке'),(2304,76,4,6,'кенийцах'),(2305,77,1,1,'Кипр'),(2306,77,2,1,'киприот'),(2307,77,3,1,'киприотка'),(2308,77,4,1,'киприоты'),(2309,77,1,2,'Кипра'),(2310,77,2,2,'киприота'),(2311,77,3,2,'киприотки'),(2312,77,4,2,'киприотыов'),(2313,77,1,3,'Кипру'),(2314,77,2,3,'киприоту'),(2315,77,3,3,'киприотке'),(2316,77,4,3,'киприотыам'),(2317,77,1,4,'Кипр'),(2318,77,2,4,'киприота'),(2319,77,3,4,'киприотку'),(2320,77,4,4,'киприотыов'),(2321,77,1,5,'Кипром'),(2322,77,2,5,'киприотом'),(2323,77,3,5,'киприоткой'),(2324,77,4,5,'киприотыами'),(2325,77,1,6,'о Кипре'),(2326,77,2,6,'киприоте'),(2327,77,3,6,'киприотке'),(2328,77,4,6,'киприотыах'),(2329,78,1,1,'Киргизия'),(2330,78,2,1,'киргизстанец'),(2331,78,3,1,'киргизстанка'),(2332,78,4,1,'киргизстанцы'),(2333,78,1,2,'Киргизии'),(2334,78,2,2,'киргизстанца'),(2335,78,3,2,'киргизстанки'),(2336,78,4,2,'киргизстанцев'),(2337,78,1,3,'Киргизии'),(2338,78,2,3,'киргизстанцу'),(2339,78,3,3,'киргизстанке'),(2340,78,4,3,'киргизстанцам'),(2341,78,1,4,'Киргизию'),(2342,78,2,4,'киргизстанца'),(2343,78,3,4,'киргизстанку'),(2344,78,4,4,'киргизстанцев'),(2345,78,1,5,'Киргизией'),(2346,78,2,5,'киргизстанцем'),(2347,78,3,5,'киргизстанкой'),(2348,78,4,5,'киргизстанцами'),(2349,78,1,6,'о Киргизии'),(2350,78,2,6,'киргизстанце'),(2351,78,3,6,'киргизстанке'),(2352,78,4,6,'киргизстанцах'),(2353,79,1,1,'Кирибати'),(2354,79,2,1,'кирибатец'),(2355,79,3,1,'кирибатка'),(2356,79,4,1,'кирибатцы'),(2357,79,1,2,'Кирибати'),(2358,79,2,2,'кирибатца'),(2359,79,3,2,'кирибатки'),(2360,79,4,2,'кирибатцев'),(2361,79,1,3,'Кирибати'),(2362,79,2,3,'кирибатцу'),(2363,79,3,3,'кирибатке'),(2364,79,4,3,'кирибатцам'),(2365,79,1,4,'Кирибати'),(2366,79,2,4,'кирибатца'),(2367,79,3,4,'кирибатку'),(2368,79,4,4,'кирибатцев'),(2369,79,1,5,'Кирибати'),(2370,79,2,5,'кирибатцем'),(2371,79,3,5,'кирибаткой'),(2372,79,4,5,'кирибатцами'),(2373,79,1,6,'о Кирибати'),(2374,79,2,6,'кирибатце'),(2375,79,3,6,'кирибатке'),(2376,79,4,6,'кирибатцах'),(2377,80,1,1,'Китай'),(2378,80,2,1,'китаец'),(2379,80,3,1,'китаянка'),(2380,80,4,1,'китайцы'),(2381,80,1,2,'Китая'),(2382,80,2,2,'китаца'),(2383,80,3,2,'китаянки'),(2384,80,4,2,'китайцев'),(2385,80,1,3,'Китаю'),(2386,80,2,3,'китацу'),(2387,80,3,3,'китаянке'),(2388,80,4,3,'китайцам'),(2389,80,1,4,'Китай'),(2390,80,2,4,'китаца'),(2391,80,3,4,'китаянку'),(2392,80,4,4,'китайцев'),(2393,80,1,5,'Китаем'),(2394,80,2,5,'китацем'),(2395,80,3,5,'китаянкой'),(2396,80,4,5,'китайцами'),(2397,80,1,6,'о Китае'),(2398,80,2,6,'китаце'),(2399,80,3,6,'китаянке'),(2400,80,4,6,'китайцах'),(2401,81,1,1,'КНДР'),(2402,81,2,1,'северокореец'),(2403,81,3,1,'северокореянка'),(2404,81,4,1,'северокорейцы'),(2405,81,1,2,'КНДР'),(2406,81,2,2,'северокореца'),(2407,81,3,2,'северокореянки'),(2408,81,4,2,'северокорейцев'),(2409,81,1,3,'КНДР'),(2410,81,2,3,'северокорецу'),(2411,81,3,3,'северокореянке'),(2412,81,4,3,'северокорейцам'),(2413,81,1,4,'КНДР'),(2414,81,2,4,'северокореца'),(2415,81,3,4,'северокореянку'),(2416,81,4,4,'северокорейцев'),(2417,81,1,5,'КНДР'),(2418,81,2,5,'северокорецем'),(2419,81,3,5,'северокореянкой'),(2420,81,4,5,'северокорейцами'),(2421,81,1,6,'о КНДР'),(2422,81,2,6,'северокореце'),(2423,81,3,6,'северокореянке'),(2424,81,4,6,'северокорейцах'),(2425,82,1,1,'Колумбия'),(2426,82,2,1,'колумбиец'),(2427,82,3,1,'колумбийка'),(2428,82,4,1,'колумбийцы'),(2429,82,1,2,'Колумбии'),(2430,82,2,2,'колумбийца'),(2431,82,3,2,'колумбийки'),(2432,82,4,2,'колумбийцев'),(2433,82,1,3,'Колумбии'),(2434,82,2,3,'колумбийцу'),(2435,82,3,3,'колумбийке'),(2436,82,4,3,'колумбийцам'),(2437,82,1,4,'Колумбию'),(2438,82,2,4,'колумбийца'),(2439,82,3,4,'колумбийку'),(2440,82,4,4,'колумбийцев'),(2441,82,1,5,'Колумбией'),(2442,82,2,5,'колумбийцем'),(2443,82,3,5,'колумбийкой'),(2444,82,4,5,'колумбийцами'),(2445,82,1,6,'о Колумбии'),(2446,82,2,6,'колумбийце'),(2447,82,3,6,'колумбийке'),(2448,82,4,6,'колумбийцах'),(2449,83,1,1,'Коморы'),(2450,83,2,1,'коморец'),(2451,83,3,1,'коморка'),(2452,83,4,1,'коморцы'),(2453,83,1,2,'Комор'),(2454,83,2,2,'коморца'),(2455,83,3,2,'коморки'),(2456,83,4,2,'коморцев'),(2457,83,1,3,'Коморам'),(2458,83,2,3,'коморцу'),(2459,83,3,3,'коморке'),(2460,83,4,3,'коморцам'),(2461,83,1,4,'Коморы'),(2462,83,2,4,'коморца'),(2463,83,3,4,'коморку'),(2464,83,4,4,'коморцев'),(2465,83,1,5,'Коморами'),(2466,83,2,5,'коморцем'),(2467,83,3,5,'коморкой'),(2468,83,4,5,'коморцами'),(2469,83,1,6,'о Коморах'),(2470,83,2,6,'коморце'),(2471,83,3,6,'коморке'),(2472,83,4,6,'коморцах'),(2473,84,1,1,'Конго'),(2474,84,2,1,'конголезец'),(2475,84,3,1,'конголезка'),(2476,84,4,1,'конголезцы'),(2477,84,1,2,'Конго'),(2478,84,2,2,'конголезца'),(2479,84,3,2,'конголезки'),(2480,84,4,2,'конголезцев'),(2481,84,1,3,'Конго'),(2482,84,2,3,'конголезцу'),(2483,84,3,3,'конголезке'),(2484,84,4,3,'конголезцам'),(2485,84,1,4,'Конго'),(2486,84,2,4,'конголезца'),(2487,84,3,4,'конголезку'),(2488,84,4,4,'конголезцев'),(2489,84,1,5,'Конго'),(2490,84,2,5,'конголезцем'),(2491,84,3,5,'конголезкой'),(2492,84,4,5,'конголезцами'),(2493,84,1,6,'о Конго'),(2494,84,2,6,'конголезце'),(2495,84,3,6,'конголезке'),(2496,84,4,6,'конголезцах'),(2497,85,1,1,'Корея'),(2498,85,2,1,'кореец'),(2499,85,3,1,'кореянка'),(2500,85,4,1,'корейцы'),(2501,85,1,2,'Кореи'),(2502,85,2,2,'кореца'),(2503,85,3,2,'кореянки'),(2504,85,4,2,'корейцев'),(2505,85,1,3,'Корее'),(2506,85,2,3,'корецу'),(2507,85,3,3,'кореянке'),(2508,85,4,3,'корейцам'),(2509,85,1,4,'Корею'),(2510,85,2,4,'кореца'),(2511,85,3,4,'кореянку'),(2512,85,4,4,'корейцев'),(2513,85,1,5,'Кореей'),(2514,85,2,5,'корецем'),(2515,85,3,5,'кореянкой'),(2516,85,4,5,'корейцами'),(2517,85,1,6,'о Кореи'),(2518,85,2,6,'кореце'),(2519,85,3,6,'кореянке'),(2520,85,4,6,'корейцах'),(2521,86,1,1,'Косово'),(2522,86,2,1,'косовар'),(2523,86,3,1,'косоварка'),(2524,86,4,1,'косовары'),(2525,86,1,2,'Косово'),(2526,86,2,2,'косовара'),(2527,86,3,2,'косоварки'),(2528,86,4,2,'косоварыов'),(2529,86,1,3,'Косово'),(2530,86,2,3,'косовару'),(2531,86,3,3,'косоварке'),(2532,86,4,3,'косоварыам'),(2533,86,1,4,'Косово'),(2534,86,2,4,'косовара'),(2535,86,3,4,'косоварку'),(2536,86,4,4,'косоварыов'),(2537,86,1,5,'Косово'),(2538,86,2,5,'косоваром'),(2539,86,3,5,'косоваркой'),(2540,86,4,5,'косоварыами'),(2541,86,1,6,'о Косово'),(2542,86,2,6,'косоваре'),(2543,86,3,6,'косоварке'),(2544,86,4,6,'косоварыах'),(2545,87,1,1,'Коста-Рика'),(2546,87,2,1,'костариканец'),(2547,87,3,1,'костариканка'),(2548,87,4,1,'костариканцы'),(2549,87,1,2,'Коста-Рики'),(2550,87,2,2,'костариканца'),(2551,87,3,2,'костариканки'),(2552,87,4,2,'костариканцев'),(2553,87,1,3,'Коста-Рике'),(2554,87,2,3,'костариканцу'),(2555,87,3,3,'костариканке'),(2556,87,4,3,'костариканцам'),(2557,87,1,4,'Коста-Рику'),(2558,87,2,4,'костариканца'),(2559,87,3,4,'костариканку'),(2560,87,4,4,'костариканцев'),(2561,87,1,5,'Коста-Рикой'),(2562,87,2,5,'костариканцем'),(2563,87,3,5,'костариканкой'),(2564,87,4,5,'костариканцами'),(2565,87,1,6,'о Коста-Рике'),(2566,87,2,6,'костариканце'),(2567,87,3,6,'костариканке'),(2568,87,4,6,'костариканцах'),(2569,88,1,1,'Кот-д\'Ивуар'),(2570,88,2,1,'ивуариец'),(2571,88,3,1,'ивуарийка'),(2572,88,4,1,'ивуарийцы'),(2573,88,1,2,'Кот-д\'Ивуара'),(2574,88,2,2,'ивуарийца'),(2575,88,3,2,'ивуарийки'),(2576,88,4,2,'ивуарийцев'),(2577,88,1,3,'Кот-д\'Ивуару'),(2578,88,2,3,'ивуарийцу'),(2579,88,3,3,'ивуарийке'),(2580,88,4,3,'ивуарийцам'),(2581,88,1,4,'Кот-д\'Ивуар'),(2582,88,2,4,'ивуарийца'),(2583,88,3,4,'ивуарийку'),(2584,88,4,4,'ивуарийцев'),(2585,88,1,5,'Кот-д\'Ивуаром'),(2586,88,2,5,'ивуарийцем'),(2587,88,3,5,'ивуарийкой'),(2588,88,4,5,'ивуарийцами'),(2589,88,1,6,'о Кот-д\'Ивуаре'),(2590,88,2,6,'ивуарийце'),(2591,88,3,6,'ивуарийке'),(2592,88,4,6,'ивуарийцах'),(2593,89,1,1,'Куба'),(2594,89,2,1,'кубинец'),(2595,89,3,1,'кубинка'),(2596,89,4,1,'кубинцы'),(2597,89,1,2,'Кубы'),(2598,89,2,2,'кубинца'),(2599,89,3,2,'кубинки'),(2600,89,4,2,'кубинцев'),(2601,89,1,3,'Кубе'),(2602,89,2,3,'кубинцу'),(2603,89,3,3,'кубинке'),(2604,89,4,3,'кубинцам'),(2605,89,1,4,'Кубу'),(2606,89,2,4,'кубинца'),(2607,89,3,4,'кубинку'),(2608,89,4,4,'кубинцев'),(2609,89,1,5,'Кубой'),(2610,89,2,5,'кубинцем'),(2611,89,3,5,'кубинкой'),(2612,89,4,5,'кубинцами'),(2613,89,1,6,'о Кубе'),(2614,89,2,6,'кубинце'),(2615,89,3,6,'кубинке'),(2616,89,4,6,'кубинцах'),(2617,90,1,1,'Кувейт'),(2618,90,2,1,'кувейтец'),(2619,90,3,1,'кувейтка'),(2620,90,4,1,'кувейтцы'),(2621,90,1,2,'Кувейта'),(2622,90,2,2,'кувейтца'),(2623,90,3,2,'кувейтки'),(2624,90,4,2,'кувейтцев'),(2625,90,1,3,'Кувейту'),(2626,90,2,3,'кувейтцу'),(2627,90,3,3,'кувейтке'),(2628,90,4,3,'кувейтцам'),(2629,90,1,4,'Кувейт'),(2630,90,2,4,'кувейтца'),(2631,90,3,4,'кувейтку'),(2632,90,4,4,'кувейтцев'),(2633,90,1,5,'Кувейтом'),(2634,90,2,5,'кувейтцем'),(2635,90,3,5,'кувейткой'),(2636,90,4,5,'кувейтцами'),(2637,90,1,6,'о Кувейте'),(2638,90,2,6,'кувейтце'),(2639,90,3,6,'кувейтке'),(2640,90,4,6,'кувейтцах'),(2641,91,1,1,'Лаос'),(2642,91,2,1,'лаосец'),(2643,91,3,1,'лаоска'),(2644,91,4,1,'лаосцы'),(2645,91,1,2,'Лаоса'),(2646,91,2,2,'лаосца'),(2647,91,3,2,'лаоски'),(2648,91,4,2,'лаосцев'),(2649,91,1,3,'Лаосу'),(2650,91,2,3,'лаосцу'),(2651,91,3,3,'лаоске'),(2652,91,4,3,'лаосцам'),(2653,91,1,4,'Лаос'),(2654,91,2,4,'лаосца'),(2655,91,3,4,'лаоску'),(2656,91,4,4,'лаосцев'),(2657,91,1,5,'Лаосом'),(2658,91,2,5,'лаосцем'),(2659,91,3,5,'лаоской'),(2660,91,4,5,'лаосцами'),(2661,91,1,6,'о Лаосе'),(2662,91,2,6,'лаосце'),(2663,91,3,6,'лаоске'),(2664,91,4,6,'лаосцах'),(2665,92,1,1,'Латвия'),(2666,92,2,1,'латвиец'),(2667,92,3,1,'латвийка'),(2668,92,4,1,'латвийцы'),(2669,92,1,2,'Латвии'),(2670,92,2,2,'латвийца'),(2671,92,3,2,'латвийки'),(2672,92,4,2,'латвийцев'),(2673,92,1,3,'Латвии'),(2674,92,2,3,'латвийцу'),(2675,92,3,3,'латвийке'),(2676,92,4,3,'латвийцам'),(2677,92,1,4,'Латвию'),(2678,92,2,4,'латвийца'),(2679,92,3,4,'латвийку'),(2680,92,4,4,'латвийцев'),(2681,92,1,5,'Латвией'),(2682,92,2,5,'латвийцем'),(2683,92,3,5,'латвийкой'),(2684,92,4,5,'латвийцами'),(2685,92,1,6,'о Латвии'),(2686,92,2,6,'латвийце'),(2687,92,3,6,'латвийке'),(2688,92,4,6,'латвийцах'),(2689,93,1,1,'Лесото'),(2690,93,2,1,'лесотец'),(2691,93,3,1,'лесотка'),(2692,93,4,1,'лесотцы'),(2693,93,1,2,'Лесото'),(2694,93,2,2,'лесотца'),(2695,93,3,2,'лесотки'),(2696,93,4,2,'лесотцев'),(2697,93,1,3,'Лесото'),(2698,93,2,3,'лесотцу'),(2699,93,3,3,'лесотке'),(2700,93,4,3,'лесотцам'),(2701,93,1,4,'Лесото'),(2702,93,2,4,'лесотца'),(2703,93,3,4,'лесотку'),(2704,93,4,4,'лесотцев'),(2705,93,1,5,'Лесото'),(2706,93,2,5,'лесотцем'),(2707,93,3,5,'лесоткой'),(2708,93,4,5,'лесотцами'),(2709,93,1,6,'о Лесото'),(2710,93,2,6,'лесотце'),(2711,93,3,6,'лесотке'),(2712,93,4,6,'лесотцах'),(2713,94,1,1,'Либерия'),(2714,94,2,1,'либериец'),(2715,94,3,1,'либерийка'),(2716,94,4,1,'либерийцы'),(2717,94,1,2,'Либерии'),(2718,94,2,2,'либерийца'),(2719,94,3,2,'либерийки'),(2720,94,4,2,'либерийцев'),(2721,94,1,3,'Либерии'),(2722,94,2,3,'либерийцу'),(2723,94,3,3,'либерийке'),(2724,94,4,3,'либерийцам'),(2725,94,1,4,'Либерию'),(2726,94,2,4,'либерийца'),(2727,94,3,4,'либерийку'),(2728,94,4,4,'либерийцев'),(2729,94,1,5,'Либерией'),(2730,94,2,5,'либерийцем'),(2731,94,3,5,'либерийкой'),(2732,94,4,5,'либерийцами'),(2733,94,1,6,'о Либерии'),(2734,94,2,6,'либерийце'),(2735,94,3,6,'либерийке'),(2736,94,4,6,'либерийцах'),(2737,95,1,1,'Ливан'),(2738,95,2,1,'ливанец'),(2739,95,3,1,'ливанка'),(2740,95,4,1,'ливанцы'),(2741,95,1,2,'Ливана'),(2742,95,2,2,'ливанца'),(2743,95,3,2,'ливанки'),(2744,95,4,2,'ливанцев'),(2745,95,1,3,'Ливану'),(2746,95,2,3,'ливанцу'),(2747,95,3,3,'ливанке'),(2748,95,4,3,'ливанцам'),(2749,95,1,4,'Ливан'),(2750,95,2,4,'ливанца'),(2751,95,3,4,'ливанку'),(2752,95,4,4,'ливанцев'),(2753,95,1,5,'Ливаном'),(2754,95,2,5,'ливанцем'),(2755,95,3,5,'ливанкой'),(2756,95,4,5,'ливанцами'),(2757,95,1,6,'о Ливане'),(2758,95,2,6,'ливанце'),(2759,95,3,6,'ливанке'),(2760,95,4,6,'ливанцах'),(2761,96,1,1,'Ливия'),(2762,96,2,1,'ливиец'),(2763,96,3,1,'ливийка'),(2764,96,4,1,'ливийцы'),(2765,96,1,2,'Ливии'),(2766,96,2,2,'ливийца'),(2767,96,3,2,'ливийки'),(2768,96,4,2,'ливийцев'),(2769,96,1,3,'Ливии'),(2770,96,2,3,'ливийцу'),(2771,96,3,3,'ливийке'),(2772,96,4,3,'ливийцам'),(2773,96,1,4,'Ливию'),(2774,96,2,4,'ливийца'),(2775,96,3,4,'ливийку'),(2776,96,4,4,'ливийцев'),(2777,96,1,5,'Ливией'),(2778,96,2,5,'ливийцем'),(2779,96,3,5,'ливийкой'),(2780,96,4,5,'ливийцами'),(2781,96,1,6,'о Ливии'),(2782,96,2,6,'ливийце'),(2783,96,3,6,'ливийке'),(2784,96,4,6,'ливийцах'),(2785,97,1,1,'Литва'),(2786,97,2,1,'литовец'),(2787,97,3,1,'литовка'),(2788,97,4,1,'литовцы'),(2789,97,1,2,'Литвы'),(2790,97,2,2,'литовца'),(2791,97,3,2,'литовки'),(2792,97,4,2,'литовцев'),(2793,97,1,3,'Литве'),(2794,97,2,3,'литовцу'),(2795,97,3,3,'литовке'),(2796,97,4,3,'литовцам'),(2797,97,1,4,'Литву'),(2798,97,2,4,'литовца'),(2799,97,3,4,'литовку'),(2800,97,4,4,'литовцев'),(2801,97,1,5,'Литвой'),(2802,97,2,5,'литовцем'),(2803,97,3,5,'литовкой'),(2804,97,4,5,'литовцами'),(2805,97,1,6,'о Литве'),(2806,97,2,6,'литовце'),(2807,97,3,6,'литовке'),(2808,97,4,6,'литовцах'),(2809,98,1,1,'Лихтенштейн'),(2810,98,2,1,'лихтенштейнец'),(2811,98,3,1,'лихтенштейнка'),(2812,98,4,1,'лихтенштейнцы'),(2813,98,1,2,'Лихтенштейна'),(2814,98,2,2,'лихтенштейнца'),(2815,98,3,2,'лихтенштейнки'),(2816,98,4,2,'лихтенштейнцев'),(2817,98,1,3,'Лихтенштейну'),(2818,98,2,3,'лихтенштейнцу'),(2819,98,3,3,'лихтенштейнке'),(2820,98,4,3,'лихтенштейнцам'),(2821,98,1,4,'Лихтенштейн'),(2822,98,2,4,'лихтенштейнца'),(2823,98,3,4,'лихтенштейнку'),(2824,98,4,4,'лихтенштейнцев'),(2825,98,1,5,'Лихтенштейном'),(2826,98,2,5,'лихтенштейнцем'),(2827,98,3,5,'лихтенштейнкой'),(2828,98,4,5,'лихтенштейнцами'),(2829,98,1,6,'о Лихтенштейне'),(2830,98,2,6,'лихтенштейнце'),(2831,98,3,6,'лихтенштейнке'),(2832,98,4,6,'лихтенштейнцах'),(2833,99,1,1,'Люксембург'),(2834,99,2,1,'люксембуржец'),(2835,99,3,1,'люксембурженка'),(2836,99,4,1,'люксембуржцы'),(2837,99,1,2,'Люксембурга'),(2838,99,2,2,'люксембуржца'),(2839,99,3,2,'люксембурженки'),(2840,99,4,2,'люксембуржцев'),(2841,99,1,3,'Люксембургу'),(2842,99,2,3,'люксембуржцу'),(2843,99,3,3,'люксембурженке'),(2844,99,4,3,'люксембуржцам'),(2845,99,1,4,'Люксембург'),(2846,99,2,4,'люксембуржца'),(2847,99,3,4,'люксембурженку'),(2848,99,4,4,'люксембуржцев'),(2849,99,1,5,'Люксембургом'),(2850,99,2,5,'люксембуржцем'),(2851,99,3,5,'люксембурженкой'),(2852,99,4,5,'люксембуржцами'),(2853,99,1,6,'о Люксембурге'),(2854,99,2,6,'люксембуржце'),(2855,99,3,6,'люксембурженке'),(2856,99,4,6,'люксембуржцах'),(2857,100,1,1,'Маврикий'),(2858,100,2,1,'маврикиец'),(2859,100,3,1,'маврикийка'),(2860,100,4,1,'маврикийцы'),(2861,100,1,2,'Маврикия'),(2862,100,2,2,'маврикийца'),(2863,100,3,2,'маврикийки'),(2864,100,4,2,'маврикийцев'),(2865,100,1,3,'Маврикию'),(2866,100,2,3,'маврикийцу'),(2867,100,3,3,'маврикийке'),(2868,100,4,3,'маврикийцам'),(2869,100,1,4,'Маврикия'),(2870,100,2,4,'маврикийца'),(2871,100,3,4,'маврикийку'),(2872,100,4,4,'маврикийцев'),(2873,100,1,5,'Маврикием'),(2874,100,2,5,'маврикийцем'),(2875,100,3,5,'маврикийкой'),(2876,100,4,5,'маврикийцами'),(2877,100,1,6,'о Маврикие'),(2878,100,2,6,'маврикийце'),(2879,100,3,6,'маврикийке'),(2880,100,4,6,'маврикийцах'),(2881,101,1,1,'Мавритания'),(2882,101,2,1,'мавританец'),(2883,101,3,1,'мавританка'),(2884,101,4,1,'мавританцы'),(2885,101,1,2,'Мавритании'),(2886,101,2,2,'мавританца'),(2887,101,3,2,'мавританки'),(2888,101,4,2,'мавританцев'),(2889,101,1,3,'Мавритании'),(2890,101,2,3,'мавританцу'),(2891,101,3,3,'мавританке'),(2892,101,4,3,'мавританцам'),(2893,101,1,4,'Мавританию'),(2894,101,2,4,'мавританца'),(2895,101,3,4,'мавританку'),(2896,101,4,4,'мавританцев'),(2897,101,1,5,'Мавританией'),(2898,101,2,5,'мавританцем'),(2899,101,3,5,'мавританкой'),(2900,101,4,5,'мавританцами'),(2901,101,1,6,'о Мавритании'),(2902,101,2,6,'мавританце'),(2903,101,3,6,'мавританке'),(2904,101,4,6,'мавританцах'),(2905,102,1,1,'Мадагаскар'),(2906,102,2,1,'малагасиец'),(2907,102,3,1,'малагасийка'),(2908,102,4,1,'малагасийцы'),(2909,102,1,2,'Мадагаскара'),(2910,102,2,2,'малагасийца'),(2911,102,3,2,'малагасийки'),(2912,102,4,2,'малагасийцев'),(2913,102,1,3,'Мадагаскару'),(2914,102,2,3,'малагасийцу'),(2915,102,3,3,'малагасийке'),(2916,102,4,3,'малагасийцам'),(2917,102,1,4,'Мадагаскар'),(2918,102,2,4,'малагасийца'),(2919,102,3,4,'малагасийку'),(2920,102,4,4,'малагасийцев'),(2921,102,1,5,'Мадагаскаром'),(2922,102,2,5,'малагасийцем'),(2923,102,3,5,'малагасийкой'),(2924,102,4,5,'малагасийцами'),(2925,102,1,6,'о Мадагаскаре'),(2926,102,2,6,'малагасийце'),(2927,102,3,6,'малагасийке'),(2928,102,4,6,'малагасийцах'),(2929,103,1,1,'Македония'),(2930,103,2,1,'македонец'),(2931,103,3,1,'македонка'),(2932,103,4,1,'македонцы'),(2933,103,1,2,'Македонии'),(2934,103,2,2,'македонца'),(2935,103,3,2,'македонки'),(2936,103,4,2,'македонцев'),(2937,103,1,3,'Македонии'),(2938,103,2,3,'македонцу'),(2939,103,3,3,'македонке'),(2940,103,4,3,'македонцам'),(2941,103,1,4,'Македонию'),(2942,103,2,4,'македонца'),(2943,103,3,4,'македонку'),(2944,103,4,4,'македонцев'),(2945,103,1,5,'Македонией'),(2946,103,2,5,'македонцем'),(2947,103,3,5,'македонкой'),(2948,103,4,5,'македонцами'),(2949,103,1,6,'о Македонии'),(2950,103,2,6,'македонце'),(2951,103,3,6,'македонке'),(2952,103,4,6,'македонцах'),(2953,104,1,1,'Малави'),(2954,104,2,1,'малавиец'),(2955,104,3,1,'малавийка'),(2956,104,4,1,'малавийцы'),(2957,104,1,2,'Малави'),(2958,104,2,2,'малавийца'),(2959,104,3,2,'малавийки'),(2960,104,4,2,'малавийцев'),(2961,104,1,3,'Малави'),(2962,104,2,3,'малавийцу'),(2963,104,3,3,'малавийке'),(2964,104,4,3,'малавийцам'),(2965,104,1,4,'Малави'),(2966,104,2,4,'малавийца'),(2967,104,3,4,'малавийку'),(2968,104,4,4,'малавийцев'),(2969,104,1,5,'Малави'),(2970,104,2,5,'малавийцем'),(2971,104,3,5,'малавийкой'),(2972,104,4,5,'малавийцами'),(2973,104,1,6,'о Малави'),(2974,104,2,6,'малавийце'),(2975,104,3,6,'малавийке'),(2976,104,4,6,'малавийцах'),(2977,105,1,1,'Малайзия'),(2978,105,2,1,'малайзиец'),(2979,105,3,1,'малайзийка'),(2980,105,4,1,'малайзийцы'),(2981,105,1,2,'Малайзии'),(2982,105,2,2,'малайзийца'),(2983,105,3,2,'малайзийки'),(2984,105,4,2,'малайзийцев'),(2985,105,1,3,'Малайзии'),(2986,105,2,3,'малайзийцу'),(2987,105,3,3,'малайзийке'),(2988,105,4,3,'малайзийцам'),(2989,105,1,4,'Малайзию'),(2990,105,2,4,'малайзийца'),(2991,105,3,4,'малайзийку'),(2992,105,4,4,'малайзийцев'),(2993,105,1,5,'Малайзией'),(2994,105,2,5,'малайзийцем'),(2995,105,3,5,'малайзийкой'),(2996,105,4,5,'малайзийцами'),(2997,105,1,6,'о Малайзии'),(2998,105,2,6,'малайзийце'),(2999,105,3,6,'малайзийке'),(3000,105,4,6,'малайзийцах'),(3001,106,1,1,'Мали'),(3002,106,2,1,'малиец'),(3003,106,3,1,'малийка'),(3004,106,4,1,'малийцы'),(3005,106,1,2,'Мали'),(3006,106,2,2,'малийца'),(3007,106,3,2,'малийки'),(3008,106,4,2,'малийцев'),(3009,106,1,3,'Мали'),(3010,106,2,3,'малийцу'),(3011,106,3,3,'малийке'),(3012,106,4,3,'малийцам'),(3013,106,1,4,'Мали'),(3014,106,2,4,'малийца'),(3015,106,3,4,'малийку'),(3016,106,4,4,'малийцев'),(3017,106,1,5,'Мали'),(3018,106,2,5,'малийцем'),(3019,106,3,5,'малийкой'),(3020,106,4,5,'малийцами'),(3021,106,1,6,'о Мали'),(3022,106,2,6,'малийце'),(3023,106,3,6,'малийке'),(3024,106,4,6,'малийцах'),(3025,107,1,1,'Мальдивы'),(3026,107,2,1,'мальдивианин'),(3027,107,3,1,'мальдивианка'),(3028,107,4,1,'мальдивиане'),(3029,107,1,2,'Мальдив'),(3030,107,2,2,'мальдивианина'),(3031,107,3,2,'мальдивианки'),(3032,107,4,2,'мальдивиан'),(3033,107,1,3,'Мальдивам'),(3034,107,2,3,'мальдивианину'),(3035,107,3,3,'мальдивианке'),(3036,107,4,3,'мальдивианам'),(3037,107,1,4,'Мальдивы'),(3038,107,2,4,'мальдивианина'),(3039,107,3,4,'мальдивианку'),(3040,107,4,4,'мальдивиан'),(3041,107,1,5,'Мальдивами'),(3042,107,2,5,'мальдивианином'),(3043,107,3,5,'мальдивианкой'),(3044,107,4,5,'мальдивианами'),(3045,107,1,6,'о Мальдивах'),(3046,107,2,6,'мальдивианине'),(3047,107,3,6,'мальдивианке'),(3048,107,4,6,'мальдивианах'),(3049,108,1,1,'Мальта'),(3050,108,2,1,'мальтиец'),(3051,108,3,1,'мальтийка'),(3052,108,4,1,'мальтийцы'),(3053,108,1,2,'Мальты'),(3054,108,2,2,'мальтийца'),(3055,108,3,2,'мальтийки'),(3056,108,4,2,'мальтийцев'),(3057,108,1,3,'Мальте'),(3058,108,2,3,'мальтийцу'),(3059,108,3,3,'мальтийке'),(3060,108,4,3,'мальтийцам'),(3061,108,1,4,'Мальту'),(3062,108,2,4,'мальтийца'),(3063,108,3,4,'мальтийку'),(3064,108,4,4,'мальтийцев'),(3065,108,1,5,'Мальтой'),(3066,108,2,5,'мальтийцем'),(3067,108,3,5,'мальтийкой'),(3068,108,4,5,'мальтийцами'),(3069,108,1,6,'о Мальте'),(3070,108,2,6,'мальтийце'),(3071,108,3,6,'мальтийке'),(3072,108,4,6,'мальтийцах'),(3073,109,1,1,'Марокко'),(3074,109,2,1,'марокканец'),(3075,109,3,1,'марокканка'),(3076,109,4,1,'марокканцы'),(3077,109,1,2,'Марокко'),(3078,109,2,2,'марокканца'),(3079,109,3,2,'марокканки'),(3080,109,4,2,'марокканцев'),(3081,109,1,3,'Марокко'),(3082,109,2,3,'марокканцу'),(3083,109,3,3,'марокканке'),(3084,109,4,3,'марокканцам'),(3085,109,1,4,'Марокко'),(3086,109,2,4,'марокканца'),(3087,109,3,4,'марокканку'),(3088,109,4,4,'марокканцев'),(3089,109,1,5,'Марокко'),(3090,109,2,5,'марокканцем'),(3091,109,3,5,'марокканкой'),(3092,109,4,5,'марокканцами'),(3093,109,1,6,'о Марокко'),(3094,109,2,6,'марокканце'),(3095,109,3,6,'марокканке'),(3096,109,4,6,'марокканцах'),(3097,110,1,1,'Маршалловы острова'),(3098,110,2,1,'маршалловец'),(3099,110,3,1,'маршалловка'),(3100,110,4,1,'маршалловцы'),(3101,110,1,2,'Маршалловых островов'),(3102,110,2,2,'маршалловца'),(3103,110,3,2,'маршалловки'),(3104,110,4,2,'маршалловцев'),(3105,110,1,3,'Маршалловым островам'),(3106,110,2,3,'маршалловцу'),(3107,110,3,3,'маршалловке'),(3108,110,4,3,'маршалловцам'),(3109,110,1,4,'Маршалловы острова'),(3110,110,2,4,'маршалловца'),(3111,110,3,4,'маршалловку'),(3112,110,4,4,'маршалловцев'),(3113,110,1,5,'Маршалловыми островами'),(3114,110,2,5,'маршалловцем'),(3115,110,3,5,'маршалловкой'),(3116,110,4,5,'маршалловцами'),(3117,110,1,6,'о Маршалловых островах'),(3118,110,2,6,'маршалловце'),(3119,110,3,6,'маршалловке'),(3120,110,4,6,'маршалловцах'),(3121,111,1,1,'Мексика'),(3122,111,2,1,'мексиканец'),(3123,111,3,1,'мексиканка'),(3124,111,4,1,'мексиканцы'),(3125,111,1,2,'Мексики'),(3126,111,2,2,'мексиканца'),(3127,111,3,2,'мексиканки'),(3128,111,4,2,'мексиканцев'),(3129,111,1,3,'Мексике'),(3130,111,2,3,'мексиканцу'),(3131,111,3,3,'мексиканке'),(3132,111,4,3,'мексиканцам'),(3133,111,1,4,'Мексику'),(3134,111,2,4,'мексиканца'),(3135,111,3,4,'мексиканку'),(3136,111,4,4,'мексиканцев'),(3137,111,1,5,'Мексикой'),(3138,111,2,5,'мексиканцем'),(3139,111,3,5,'мексиканкой'),(3140,111,4,5,'мексиканцами'),(3141,111,1,6,'о Мексике'),(3142,111,2,6,'мексиканце'),(3143,111,3,6,'мексиканке'),(3144,111,4,6,'мексиканцах'),(3145,112,1,1,'Микронезия'),(3146,112,2,1,'микронезиец'),(3147,112,3,1,'микронезийка'),(3148,112,4,1,'микронезийцы'),(3149,112,1,2,'Микронезии'),(3150,112,2,2,'микронезийца'),(3151,112,3,2,'микронезийки'),(3152,112,4,2,'микронезийцев'),(3153,112,1,3,'Микронезии'),(3154,112,2,3,'микронезийцу'),(3155,112,3,3,'микронезийке'),(3156,112,4,3,'микронезийцам'),(3157,112,1,4,'Микронезию'),(3158,112,2,4,'микронезийца'),(3159,112,3,4,'микронезийку'),(3160,112,4,4,'микронезийцев'),(3161,112,1,5,'Микронезией'),(3162,112,2,5,'микронезийцем'),(3163,112,3,5,'микронезийкой'),(3164,112,4,5,'микронезийцами'),(3165,112,1,6,'о Микронезии'),(3166,112,2,6,'микронезийце'),(3167,112,3,6,'микронезийке'),(3168,112,4,6,'микронезийцах'),(3169,113,1,1,'Мозамбик'),(3170,113,2,1,'мозамбикец'),(3171,113,3,1,'мозамбийка'),(3172,113,4,1,'мозамбикцы'),(3173,113,1,2,'Мозамбика'),(3174,113,2,2,'мозамбикца'),(3175,113,3,2,'мозамбийки'),(3176,113,4,2,'мозамбикцев'),(3177,113,1,3,'Мозамбику'),(3178,113,2,3,'мозамбикцу'),(3179,113,3,3,'мозамбийке'),(3180,113,4,3,'мозамбикцам'),(3181,113,1,4,'Мозамбик'),(3182,113,2,4,'мозамбикца'),(3183,113,3,4,'мозамбийку'),(3184,113,4,4,'мозамбикцев'),(3185,113,1,5,'Мозамбиком'),(3186,113,2,5,'мозамбикцем'),(3187,113,3,5,'мозамбийкой'),(3188,113,4,5,'мозамбикцами'),(3189,113,1,6,'о Мозамбике'),(3190,113,2,6,'мозамбикце'),(3191,113,3,6,'мозамбийке'),(3192,113,4,6,'мозамбикцах'),(3193,114,1,1,'Молдова'),(3194,114,2,1,'молдаванин'),(3195,114,3,1,'молдаванка'),(3196,114,4,1,'молдаване'),(3197,114,1,2,'Молдовы'),(3198,114,2,2,'молдаванина'),(3199,114,3,2,'молдаванки'),(3200,114,4,2,'молдаван'),(3201,114,1,3,'Молдове'),(3202,114,2,3,'молдаванину'),(3203,114,3,3,'молдаванке'),(3204,114,4,3,'молдаванам'),(3205,114,1,4,'Молдову'),(3206,114,2,4,'молдаванина'),(3207,114,3,4,'молдаванку'),(3208,114,4,4,'молдаван'),(3209,114,1,5,'Молдовой'),(3210,114,2,5,'молдаванином'),(3211,114,3,5,'молдаванкой'),(3212,114,4,5,'молдаванами'),(3213,114,1,6,'о Молдове'),(3214,114,2,6,'молдаванине'),(3215,114,3,6,'молдаванке'),(3216,114,4,6,'молдаванах'),(3217,115,1,1,'Монако'),(3218,115,2,1,'монегаск'),(3219,115,3,1,'монегаска'),(3220,115,4,1,'монегаски'),(3221,115,1,2,'Монако'),(3222,115,2,2,'монегаска'),(3223,115,3,2,'монегаски'),(3224,115,4,2,'монегаскиов'),(3225,115,1,3,'Монако'),(3226,115,2,3,'монегаску'),(3227,115,3,3,'монегаске'),(3228,115,4,3,'монегаскиам'),(3229,115,1,4,'Монако'),(3230,115,2,4,'монегаска'),(3231,115,3,4,'монегаску'),(3232,115,4,4,'монегаскиов'),(3233,115,1,5,'Монако'),(3234,115,2,5,'монегаском'),(3235,115,3,5,'монегаской'),(3236,115,4,5,'монегаскиами'),(3237,115,1,6,'о Монако'),(3238,115,2,6,'монегаске'),(3239,115,3,6,'монегаске'),(3240,115,4,6,'монегаскиах'),(3241,116,1,1,'Монголия'),(3242,116,2,1,'монгол'),(3243,116,3,1,'монголка'),(3244,116,4,1,'монголы'),(3245,116,1,2,'Монголии'),(3246,116,2,2,'монгола'),(3247,116,3,2,'монголки'),(3248,116,4,2,'монголов'),(3249,116,1,3,'Монголии'),(3250,116,2,3,'монголу'),(3251,116,3,3,'монголке'),(3252,116,4,3,'монголам'),(3253,116,1,4,'Монголию'),(3254,116,2,4,'монгола'),(3255,116,3,4,'монголку'),(3256,116,4,4,'монголов'),(3257,116,1,5,'Монголией'),(3258,116,2,5,'монголом'),(3259,116,3,5,'монголкой'),(3260,116,4,5,'монголами'),(3261,116,1,6,'о Монголии'),(3262,116,2,6,'монголе'),(3263,116,3,6,'монголке'),(3264,116,4,6,'монголах'),(3265,117,1,1,'Мьянма'),(3266,117,2,1,'бирманец'),(3267,117,3,1,'бирманка'),(3268,117,4,1,'бирманцы'),(3269,117,1,2,'Мьянмы'),(3270,117,2,2,'бирманца'),(3271,117,3,2,'бирманки'),(3272,117,4,2,'бирманцев'),(3273,117,1,3,'Мьянме'),(3274,117,2,3,'бирманцу'),(3275,117,3,3,'бирманке'),(3276,117,4,3,'бирманцам'),(3277,117,1,4,'Мьянму'),(3278,117,2,4,'бирманца'),(3279,117,3,4,'бирманку'),(3280,117,4,4,'бирманцев'),(3281,117,1,5,'Мьянмой'),(3282,117,2,5,'бирманцем'),(3283,117,3,5,'бирманкой'),(3284,117,4,5,'бирманцами'),(3285,117,1,6,'о Мьянме'),(3286,117,2,6,'бирманце'),(3287,117,3,6,'бирманке'),(3288,117,4,6,'бирманцах'),(3289,118,1,1,'Намибия'),(3290,118,2,1,'намибиец'),(3291,118,3,1,'намибийка'),(3292,118,4,1,'намибийцы'),(3293,118,1,2,'Намибии'),(3294,118,2,2,'намибийца'),(3295,118,3,2,'намибийки'),(3296,118,4,2,'намибийцев'),(3297,118,1,3,'Намибии'),(3298,118,2,3,'намибийцу'),(3299,118,3,3,'намибийке'),(3300,118,4,3,'намибийцам'),(3301,118,1,4,'Намибию'),(3302,118,2,4,'намибийца'),(3303,118,3,4,'намибийку'),(3304,118,4,4,'намибийцев'),(3305,118,1,5,'Намибией'),(3306,118,2,5,'намибийцем'),(3307,118,3,5,'намибийкой'),(3308,118,4,5,'намибийцами'),(3309,118,1,6,'о Намибии'),(3310,118,2,6,'намибийце'),(3311,118,3,6,'намибийке'),(3312,118,4,6,'намибийцах'),(3313,119,1,1,'Науру'),(3314,119,2,1,'науруанец'),(3315,119,3,1,'науруанка'),(3316,119,4,1,'науруанцы'),(3317,119,1,2,'Науру'),(3318,119,2,2,'науруанца'),(3319,119,3,2,'науруанки'),(3320,119,4,2,'науруанцев'),(3321,119,1,3,'Науру'),(3322,119,2,3,'науруанцу'),(3323,119,3,3,'науруанке'),(3324,119,4,3,'науруанцам'),(3325,119,1,4,'Науру'),(3326,119,2,4,'науруанца'),(3327,119,3,4,'науруанку'),(3328,119,4,4,'науруанцев'),(3329,119,1,5,'Науру'),(3330,119,2,5,'науруанцем'),(3331,119,3,5,'науруанкой'),(3332,119,4,5,'науруанцами'),(3333,119,1,6,'о Науру'),(3334,119,2,6,'науруанце'),(3335,119,3,6,'науруанке'),(3336,119,4,6,'науруанцах'),(3337,120,1,1,'Непал'),(3338,120,2,1,'непалец'),(3339,120,3,1,'непалка'),(3340,120,4,1,'непальцы'),(3341,120,1,2,'Непала'),(3342,120,2,2,'непалца'),(3343,120,3,2,'непалки'),(3344,120,4,2,'непальцев'),(3345,120,1,3,'Непалу'),(3346,120,2,3,'непалцу'),(3347,120,3,3,'непалке'),(3348,120,4,3,'непальцам'),(3349,120,1,4,'Непал'),(3350,120,2,4,'непалца'),(3351,120,3,4,'непалку'),(3352,120,4,4,'непальцев'),(3353,120,1,5,'Непалом'),(3354,120,2,5,'непалцем'),(3355,120,3,5,'непалкой'),(3356,120,4,5,'непальцами'),(3357,120,1,6,'о Непале'),(3358,120,2,6,'непалце'),(3359,120,3,6,'непалке'),(3360,120,4,6,'непальцах'),(3361,121,1,1,'Нигер'),(3362,121,2,1,'нигерец'),(3363,121,3,1,'нигерка'),(3364,121,4,1,'нигерцы'),(3365,121,1,2,'Нигера'),(3366,121,2,2,'нигерца'),(3367,121,3,2,'нигерки'),(3368,121,4,2,'нигерцев'),(3369,121,1,3,'Нигеру'),(3370,121,2,3,'нигерцу'),(3371,121,3,3,'нигерке'),(3372,121,4,3,'нигерцам'),(3373,121,1,4,'Нигер'),(3374,121,2,4,'нигерца'),(3375,121,3,4,'нигерку'),(3376,121,4,4,'нигерцев'),(3377,121,1,5,'Нигером'),(3378,121,2,5,'нигерцем'),(3379,121,3,5,'нигеркой'),(3380,121,4,5,'нигерцами'),(3381,121,1,6,'о Нигере'),(3382,121,2,6,'нигерце'),(3383,121,3,6,'нигерке'),(3384,121,4,6,'нигерцах'),(3385,122,1,1,'Нигерия'),(3386,122,2,1,'нигериец'),(3387,122,3,1,'нигерийка'),(3388,122,4,1,'нигерийцы'),(3389,122,1,2,'Нигерии'),(3390,122,2,2,'нигерийца'),(3391,122,3,2,'нигерийки'),(3392,122,4,2,'нигерийцев'),(3393,122,1,3,'Нигерии'),(3394,122,2,3,'нигерийцу'),(3395,122,3,3,'нигерийке'),(3396,122,4,3,'нигерийцам'),(3397,122,1,4,'Нигерию'),(3398,122,2,4,'нигерийца'),(3399,122,3,4,'нигерийку'),(3400,122,4,4,'нигерийцев'),(3401,122,1,5,'Нигерией'),(3402,122,2,5,'нигерийцем'),(3403,122,3,5,'нигерийкой'),(3404,122,4,5,'нигерийцами'),(3405,122,1,6,'о Нигерии'),(3406,122,2,6,'нигерийце'),(3407,122,3,6,'нигерийке'),(3408,122,4,6,'нигерийцах'),(3409,123,1,1,'Нидерланды'),(3410,123,2,1,'нидерландец, голландец'),(3411,123,3,1,'нидерландка, голландка'),(3412,123,4,1,'нидерландцы, голландцы'),(3413,123,1,2,'Нидерландов'),(3414,123,2,2,'нидерландца, голландца'),(3415,123,3,2,'нидерландки, голландки'),(3416,123,4,2,'нидерландцев, голландцев'),(3417,123,1,3,'Нидерландам'),(3418,123,2,3,'нидерландцу, голландцу'),(3419,123,3,3,'нидерландке, голландке'),(3420,123,4,3,'нидерландцам, голландцам'),(3421,123,1,4,'Нидерланды'),(3422,123,2,4,'нидерландца, голландца'),(3423,123,3,4,'нидерландку, голландку'),(3424,123,4,4,'нидерландцев, голландцев'),(3425,123,1,5,'Нидерландами'),(3426,123,2,5,'нидерландцем, голландцем'),(3427,123,3,5,'нидерландкой, голландкой'),(3428,123,4,5,'нидерландцами, голландцами'),(3429,123,1,6,'о Нидерландах'),(3430,123,2,6,'нидерландце, голландце'),(3431,123,3,6,'нидерландке, голландке'),(3432,123,4,6,'нидерландцах, голландцах'),(3433,124,1,1,'Никарагуа'),(3434,124,2,1,'никарагуанец'),(3435,124,3,1,'никарагуанка'),(3436,124,4,1,'никарагуанцы'),(3437,124,1,2,'Никарагуи'),(3438,124,2,2,'никарагуанца'),(3439,124,3,2,'никарагуанки'),(3440,124,4,2,'никарагуанцев'),(3441,124,1,3,'Никарагуе'),(3442,124,2,3,'никарагуанцу'),(3443,124,3,3,'никарагуанке'),(3444,124,4,3,'никарагуанцам'),(3445,124,1,4,'Никарагуу'),(3446,124,2,4,'никарагуанца'),(3447,124,3,4,'никарагуанку'),(3448,124,4,4,'никарагуанцев'),(3449,124,1,5,'Никарагуой'),(3450,124,2,5,'никарагуанцем'),(3451,124,3,5,'никарагуанкой'),(3452,124,4,5,'никарагуанцами'),(3453,124,1,6,'о Никарагуе'),(3454,124,2,6,'никарагуанце'),(3455,124,3,6,'никарагуанке'),(3456,124,4,6,'никарагуанцах'),(3457,125,1,1,'Новая Зеландия'),(3458,125,2,1,'новозеландец'),(3459,125,3,1,'новозеландка'),(3460,125,4,1,'новозеландцы'),(3461,125,1,2,'Новой Зеландии'),(3462,125,2,2,'новозеландца'),(3463,125,3,2,'новозеландки'),(3464,125,4,2,'новозеландцев'),(3465,125,1,3,'Новой Зеландии'),(3466,125,2,3,'новозеландцу'),(3467,125,3,3,'новозеландке'),(3468,125,4,3,'новозеландцам'),(3469,125,1,4,'Новую Зеландию'),(3470,125,2,4,'новозеландца'),(3471,125,3,4,'новозеландку'),(3472,125,4,4,'новозеландцев'),(3473,125,1,5,'Новой Зеландией'),(3474,125,2,5,'новозеландцем'),(3475,125,3,5,'новозеландкой'),(3476,125,4,5,'новозеландцами'),(3477,125,1,6,'о Новой Зеландии'),(3478,125,2,6,'новозеландце'),(3479,125,3,6,'новозеландке'),(3480,125,4,6,'новозеландцах'),(3481,126,1,1,'Норвегия'),(3482,126,2,1,'норвежец'),(3483,126,3,1,'норвежка'),(3484,126,4,1,'норвежцы'),(3485,126,1,2,'Норвегии'),(3486,126,2,2,'норвежца'),(3487,126,3,2,'норвежки'),(3488,126,4,2,'норвежцев'),(3489,126,1,3,'Норвегии'),(3490,126,2,3,'норвежцу'),(3491,126,3,3,'норвежке'),(3492,126,4,3,'норвежцам'),(3493,126,1,4,'Норвегию'),(3494,126,2,4,'норвежца'),(3495,126,3,4,'норвежку'),(3496,126,4,4,'норвежцев'),(3497,126,1,5,'Норвегией'),(3498,126,2,5,'норвежцем'),(3499,126,3,5,'норвежкой'),(3500,126,4,5,'норвежцами'),(3501,126,1,6,'о Норвегии'),(3502,126,2,6,'норвежце'),(3503,126,3,6,'норвежке'),(3504,126,4,6,'норвежцах'),(3505,127,1,1,'Объединённые Арабские Эмираты'),(3506,127,2,1,'эмиратовцы'),(3507,127,3,1,'эмиратовка'),(3508,127,4,1,'эмиратовец'),(3509,127,1,2,'Объединённых Арабских Эмират'),(3510,127,2,2,'эмиратовцыа'),(3511,127,3,2,'эмиратовки'),(3512,127,4,2,'эмиратовецов'),(3513,127,1,3,'Объединённым Арабским Эмиратам'),(3514,127,2,3,'эмиратовцыу'),(3515,127,3,3,'эмиратовке'),(3516,127,4,3,'эмиратовецам'),(3517,127,1,4,'Объединённые Арабские Эмираты'),(3518,127,2,4,'эмиратовцыа'),(3519,127,3,4,'эмиратовку'),(3520,127,4,4,'эмиратовецов'),(3521,127,1,5,'Объединёнными Арабскими Эмиратами'),(3522,127,2,5,'эмиратовцыом'),(3523,127,3,5,'эмиратовкой'),(3524,127,4,5,'эмиратовецами'),(3525,127,1,6,'об Объединённых Арабских Эмиратах'),(3526,127,2,6,'эмиратовцые'),(3527,127,3,6,'эмиратовке'),(3528,127,4,6,'эмиратовецах'),(3529,128,1,1,'Оман'),(3530,128,2,1,'оманец'),(3531,128,3,1,'оманка'),(3532,128,4,1,'оманцы'),(3533,128,1,2,'Омана'),(3534,128,2,2,'оманца'),(3535,128,3,2,'оманки'),(3536,128,4,2,'оманцев'),(3537,128,1,3,'Оману'),(3538,128,2,3,'оманцу'),(3539,128,3,3,'оманке'),(3540,128,4,3,'оманцам'),(3541,128,1,4,'Оман'),(3542,128,2,4,'оманца'),(3543,128,3,4,'оманку'),(3544,128,4,4,'оманцев'),(3545,128,1,5,'Оманом'),(3546,128,2,5,'оманцем'),(3547,128,3,5,'оманкой'),(3548,128,4,5,'оманцами'),(3549,128,1,6,'об Омане'),(3550,128,2,6,'оманце'),(3551,128,3,6,'оманке'),(3552,128,4,6,'оманцах'),(3553,129,1,1,'Пакистан'),(3554,129,2,1,'пакистанец'),(3555,129,3,1,'пакистанка'),(3556,129,4,1,'пакистанцы'),(3557,129,1,2,'Пакистана'),(3558,129,2,2,'пакистанца'),(3559,129,3,2,'пакистанки'),(3560,129,4,2,'пакистанцев'),(3561,129,1,3,'Пакистану'),(3562,129,2,3,'пакистанцу'),(3563,129,3,3,'пакистанке'),(3564,129,4,3,'пакистанцам'),(3565,129,1,4,'Пакистан'),(3566,129,2,4,'пакистанца'),(3567,129,3,4,'пакистанку'),(3568,129,4,4,'пакистанцев'),(3569,129,1,5,'Пакистаном'),(3570,129,2,5,'пакистанцем'),(3571,129,3,5,'пакистанкой'),(3572,129,4,5,'пакистанцами'),(3573,129,1,6,'о Пакистане'),(3574,129,2,6,'пакистанце'),(3575,129,3,6,'пакистанке'),(3576,129,4,6,'пакистанцах'),(3577,130,1,1,'Палау'),(3578,130,2,1,'палауанец'),(3579,130,3,1,'палауанка'),(3580,130,4,1,'палауанцы'),(3581,130,1,2,'Палау'),(3582,130,2,2,'палауанца'),(3583,130,3,2,'палауанки'),(3584,130,4,2,'палауанцев'),(3585,130,1,3,'Палау'),(3586,130,2,3,'палауанцу'),(3587,130,3,3,'палауанке'),(3588,130,4,3,'палауанцам'),(3589,130,1,4,'Палау'),(3590,130,2,4,'палауанца'),(3591,130,3,4,'палауанку'),(3592,130,4,4,'палауанцев'),(3593,130,1,5,'Палау'),(3594,130,2,5,'палауанцем'),(3595,130,3,5,'палауанкой'),(3596,130,4,5,'палауанцами'),(3597,130,1,6,'о Палау'),(3598,130,2,6,'палауанце'),(3599,130,3,6,'палауанке'),(3600,130,4,6,'палауанцах'),(3601,131,1,1,'Панама'),(3602,131,2,1,'панамец'),(3603,131,3,1,'панамка'),(3604,131,4,1,'панамцы'),(3605,131,1,2,'Панамы'),(3606,131,2,2,'панамца'),(3607,131,3,2,'панамки'),(3608,131,4,2,'панамцев'),(3609,131,1,3,'Панаме'),(3610,131,2,3,'панамцу'),(3611,131,3,3,'панамке'),(3612,131,4,3,'панамцам'),(3613,131,1,4,'Панаму'),(3614,131,2,4,'панамца'),(3615,131,3,4,'панамку'),(3616,131,4,4,'панамцев'),(3617,131,1,5,'Панамой'),(3618,131,2,5,'панамцем'),(3619,131,3,5,'панамкой'),(3620,131,4,5,'панамцами'),(3621,131,1,6,'о Панаме'),(3622,131,2,6,'панамце'),(3623,131,3,6,'панамке'),(3624,131,4,6,'панамцах'),(3625,132,1,1,'Папуа-Новая Гвинея'),(3626,132,2,1,'гвинеец'),(3627,132,3,1,'гвинейка'),(3628,132,4,1,'гвинейцы'),(3629,132,1,2,'Папуа-Новой Гвинеи'),(3630,132,2,2,'гвинеца'),(3631,132,3,2,'гвинейки'),(3632,132,4,2,'гвинейцев'),(3633,132,1,3,'Папуа-Новой Гвинее'),(3634,132,2,3,'гвинецу'),(3635,132,3,3,'гвинейке'),(3636,132,4,3,'гвинейцам'),(3637,132,1,4,'Папуа-Новую Гвинею'),(3638,132,2,4,'гвинеца'),(3639,132,3,4,'гвинейку'),(3640,132,4,4,'гвинейцев'),(3641,132,1,5,'Папуа-Новой Гвинеей'),(3642,132,2,5,'гвинецем'),(3643,132,3,5,'гвинейкой'),(3644,132,4,5,'гвинейцами'),(3645,132,1,6,'о Папуа-Новой Гвинее'),(3646,132,2,6,'гвинеце'),(3647,132,3,6,'гвинейке'),(3648,132,4,6,'гвинейцах'),(3649,133,1,1,'Парагвай'),(3650,133,2,1,'парагваец'),(3651,133,3,1,'парагвайка'),(3652,133,4,1,'парагвайцы'),(3653,133,1,2,'Парагвая'),(3654,133,2,2,'парагваца'),(3655,133,3,2,'парагвайки'),(3656,133,4,2,'парагвайцев'),(3657,133,1,3,'Парагваю'),(3658,133,2,3,'парагвацу'),(3659,133,3,3,'парагвайке'),(3660,133,4,3,'парагвайцам'),(3661,133,1,4,'Парагвай'),(3662,133,2,4,'парагваца'),(3663,133,3,4,'парагвайку'),(3664,133,4,4,'парагвайцев'),(3665,133,1,5,'Парагваем'),(3666,133,2,5,'парагвацем'),(3667,133,3,5,'парагвайкой'),(3668,133,4,5,'парагвайцами'),(3669,133,1,6,'о Парагвае'),(3670,133,2,6,'парагваце'),(3671,133,3,6,'парагвайке'),(3672,133,4,6,'парагвайцах'),(3673,134,1,1,'Перу'),(3674,134,2,1,'перуанец'),(3675,134,3,1,'перуанка'),(3676,134,4,1,'перуанцы'),(3677,134,1,2,'Перу'),(3678,134,2,2,'перуанца'),(3679,134,3,2,'перуанки'),(3680,134,4,2,'перуанцев'),(3681,134,1,3,'Перу'),(3682,134,2,3,'перуанцу'),(3683,134,3,3,'перуанке'),(3684,134,4,3,'перуанцам'),(3685,134,1,4,'Перу'),(3686,134,2,4,'перуанца'),(3687,134,3,4,'перуанку'),(3688,134,4,4,'перуанцев'),(3689,134,1,5,'Перу'),(3690,134,2,5,'перуанцем'),(3691,134,3,5,'перуанкой'),(3692,134,4,5,'перуанцами'),(3693,134,1,6,'о Перу'),(3694,134,2,6,'перуанце'),(3695,134,3,6,'перуанке'),(3696,134,4,6,'перуанцах'),(3697,135,1,1,'Польша'),(3698,135,2,1,'поляк'),(3699,135,3,1,'полька'),(3700,135,4,1,'поляки'),(3701,135,1,2,'Польши'),(3702,135,2,2,'поляка'),(3703,135,3,2,'польки'),(3704,135,4,2,'поляков'),(3705,135,1,3,'Польше'),(3706,135,2,3,'поляку'),(3707,135,3,3,'польке'),(3708,135,4,3,'полякам'),(3709,135,1,4,'Польшу'),(3710,135,2,4,'поляка'),(3711,135,3,4,'польку'),(3712,135,4,4,'поляков'),(3713,135,1,5,'Польшей'),(3714,135,2,5,'поляком'),(3715,135,3,5,'полькой'),(3716,135,4,5,'поляками'),(3717,135,1,6,'о Польше'),(3718,135,2,6,'поляке'),(3719,135,3,6,'польке'),(3720,135,4,6,'поляках'),(3721,136,1,1,'Португалия'),(3722,136,2,1,'португалец'),(3723,136,3,1,'португалка'),(3724,136,4,1,'португальцы'),(3725,136,1,2,'Португалии'),(3726,136,2,2,'португалца'),(3727,136,3,2,'португалки'),(3728,136,4,2,'португальцев'),(3729,136,1,3,'Португалии'),(3730,136,2,3,'португалцу'),(3731,136,3,3,'португалке'),(3732,136,4,3,'португальцам'),(3733,136,1,4,'Португалию'),(3734,136,2,4,'португалца'),(3735,136,3,4,'португалку'),(3736,136,4,4,'португальцев'),(3737,136,1,5,'Португалией'),(3738,136,2,5,'португалцем'),(3739,136,3,5,'португалкой'),(3740,136,4,5,'португальцами'),(3741,136,1,6,'о Португалии'),(3742,136,2,6,'португалце'),(3743,136,3,6,'португалке'),(3744,136,4,6,'португальцах'),(3745,137,1,1,'Пуэрто-Рико'),(3746,137,2,1,'пуэрториканец'),(3747,137,3,1,'пуэрториканка'),(3748,137,4,1,'пуэрториканцы'),(3749,137,1,2,'Пуэрто-Рико'),(3750,137,2,2,'пуэрториканца'),(3751,137,3,2,'пуэрториканки'),(3752,137,4,2,'пуэрториканцев'),(3753,137,1,3,'Пуэрто-Рико'),(3754,137,2,3,'пуэрториканцу'),(3755,137,3,3,'пуэрториканке'),(3756,137,4,3,'пуэрториканцам'),(3757,137,1,4,'Пуэрто-Рико'),(3758,137,2,4,'пуэрториканца'),(3759,137,3,4,'пуэрториканку'),(3760,137,4,4,'пуэрториканцев'),(3761,137,1,5,'Пуэрто-Рико'),(3762,137,2,5,'пуэрториканцем'),(3763,137,3,5,'пуэрториканкой'),(3764,137,4,5,'пуэрториканцами'),(3765,137,1,6,'о Пуэрто-Рико'),(3766,137,2,6,'пуэрториканце'),(3767,137,3,6,'пуэрториканке'),(3768,137,4,6,'пуэрториканцах'),(3769,138,1,1,'Россия'),(3770,138,2,1,'россиянин'),(3771,138,3,1,'россиянка'),(3772,138,4,1,'россияне'),(3773,138,1,2,'России'),(3774,138,2,2,'россиянина'),(3775,138,3,2,'россиянки'),(3776,138,4,2,'россиян'),(3777,138,1,3,'России'),(3778,138,2,3,'россиянину'),(3779,138,3,3,'россиянке'),(3780,138,4,3,'россиянам'),(3781,138,1,4,'Россию'),(3782,138,2,4,'россиянина'),(3783,138,3,4,'россиянку'),(3784,138,4,4,'россиян'),(3785,138,1,5,'Россией'),(3786,138,2,5,'россиянином'),(3787,138,3,5,'россиянкой'),(3788,138,4,5,'россиянами'),(3789,138,1,6,'о России'),(3790,138,2,6,'россиянине'),(3791,138,3,6,'россиянке'),(3792,138,4,6,'россиянах'),(3793,139,1,1,'Руанда'),(3794,139,2,1,'руандийцы'),(3795,139,3,1,'руандийка'),(3796,139,4,1,'руандиец'),(3797,139,1,2,'Руанды'),(3798,139,2,2,'руандийцыа'),(3799,139,3,2,'руандийки'),(3800,139,4,2,'руандиецов'),(3801,139,1,3,'Руанде'),(3802,139,2,3,'руандийцыу'),(3803,139,3,3,'руандийке'),(3804,139,4,3,'руандиецам'),(3805,139,1,4,'Руанду'),(3806,139,2,4,'руандийцыа'),(3807,139,3,4,'руандийку'),(3808,139,4,4,'руандиецов'),(3809,139,1,5,'Руандой'),(3810,139,2,5,'руандийцыом'),(3811,139,3,5,'руандийкой'),(3812,139,4,5,'руандиецами'),(3813,139,1,6,'о Руанде'),(3814,139,2,6,'руандийцые'),(3815,139,3,6,'руандийке'),(3816,139,4,6,'руандиецах'),(3817,140,1,1,'Румыния'),(3818,140,2,1,'румын'),(3819,140,3,1,'румынка'),(3820,140,4,1,'румыны'),(3821,140,1,2,'Румынии'),(3822,140,2,2,'румына'),(3823,140,3,2,'румынки'),(3824,140,4,2,'румыныов'),(3825,140,1,3,'Румынии'),(3826,140,2,3,'румыну'),(3827,140,3,3,'румынке'),(3828,140,4,3,'румыныам'),(3829,140,1,4,'Румынию'),(3830,140,2,4,'румына'),(3831,140,3,4,'румынку'),(3832,140,4,4,'румыныов'),(3833,140,1,5,'Румынией'),(3834,140,2,5,'румыном'),(3835,140,3,5,'румынкой'),(3836,140,4,5,'румыныами'),(3837,140,1,6,'о Румынии'),(3838,140,2,6,'румыне'),(3839,140,3,6,'румынке'),(3840,140,4,6,'румыныах'),(3841,141,1,1,'Сальвадор'),(3842,141,2,1,'сальвадорец'),(3843,141,3,1,'сальвадорка'),(3844,141,4,1,'сальвадорцы'),(3845,141,1,2,'Сальвадора'),(3846,141,2,2,'сальвадорца'),(3847,141,3,2,'сальвадорки'),(3848,141,4,2,'сальвадорцев'),(3849,141,1,3,'Сальвадору'),(3850,141,2,3,'сальвадорцу'),(3851,141,3,3,'сальвадорке'),(3852,141,4,3,'сальвадорцам'),(3853,141,1,4,'Сальвадор'),(3854,141,2,4,'сальвадорца'),(3855,141,3,4,'сальвадорку'),(3856,141,4,4,'сальвадорцев'),(3857,141,1,5,'Сальвадором'),(3858,141,2,5,'сальвадорцем'),(3859,141,3,5,'сальвадоркой'),(3860,141,4,5,'сальвадорцами'),(3861,141,1,6,'о Сальвадоре'),(3862,141,2,6,'сальвадорце'),(3863,141,3,6,'сальвадорке'),(3864,141,4,6,'сальвадорцах'),(3865,142,1,1,'Самоа'),(3866,142,2,1,'самоанец'),(3867,142,3,1,'самоанка'),(3868,142,4,1,'самоанцы'),(3869,142,1,2,'Самоа'),(3870,142,2,2,'самоанца'),(3871,142,3,2,'самоанки'),(3872,142,4,2,'самоанцев'),(3873,142,1,3,'Самоа'),(3874,142,2,3,'самоанцу'),(3875,142,3,3,'самоанке'),(3876,142,4,3,'самоанцам'),(3877,142,1,4,'Самоа'),(3878,142,2,4,'самоанца'),(3879,142,3,4,'самоанку'),(3880,142,4,4,'самоанцев'),(3881,142,1,5,'Самоа'),(3882,142,2,5,'самоанцем'),(3883,142,3,5,'самоанкой'),(3884,142,4,5,'самоанцами'),(3885,142,1,6,'о Самоа'),(3886,142,2,6,'самоанце'),(3887,142,3,6,'самоанке'),(3888,142,4,6,'самоанцах'),(3889,143,1,1,'Сан-Марино'),(3890,143,2,1,'санмаринец'),(3891,143,3,1,'санмаринка'),(3892,143,4,1,'санмаринцы'),(3893,143,1,2,'Сан-Марино'),(3894,143,2,2,'санмаринца'),(3895,143,3,2,'санмаринки'),(3896,143,4,2,'санмаринцев'),(3897,143,1,3,'Сан-Марино'),(3898,143,2,3,'санмаринцу'),(3899,143,3,3,'санмаринке'),(3900,143,4,3,'санмаринцам'),(3901,143,1,4,'Сан-Марино'),(3902,143,2,4,'санмаринца'),(3903,143,3,4,'санмаринку'),(3904,143,4,4,'санмаринцев'),(3905,143,1,5,'Сан-Марино'),(3906,143,2,5,'санмаринцем'),(3907,143,3,5,'санмаринкой'),(3908,143,4,5,'санмаринцами'),(3909,143,1,6,'о Сан-Марино'),(3910,143,2,6,'санмаринце'),(3911,143,3,6,'санмаринке'),(3912,143,4,6,'санмаринцах'),(3913,144,1,1,'Сан-Томе и Принсипи'),(3914,144,2,1,'сантомиец'),(3915,144,3,1,'сантомийка'),(3916,144,4,1,'сантомийцы'),(3917,144,1,2,'Сан-Томе и Принсипи'),(3918,144,2,2,'сантомийца'),(3919,144,3,2,'сантомийки'),(3920,144,4,2,'сантомийцев'),(3921,144,1,3,'Сан-Томе и Принсипи'),(3922,144,2,3,'сантомийцу'),(3923,144,3,3,'сантомийке'),(3924,144,4,3,'сантомийцам'),(3925,144,1,4,'Сан-Томе и Принсипи'),(3926,144,2,4,'сантомийца'),(3927,144,3,4,'сантомийку'),(3928,144,4,4,'сантомийцев'),(3929,144,1,5,'Сан-Томе и Принсипи'),(3930,144,2,5,'сантомийцем'),(3931,144,3,5,'сантомийкой'),(3932,144,4,5,'сантомийцами'),(3933,144,1,6,'о Сан-Томе и Принсипи'),(3934,144,2,6,'сантомийце'),(3935,144,3,6,'сантомийке'),(3936,144,4,6,'сантомийцах'),(3937,145,1,1,'Саудовская Аравия'),(3938,145,2,1,'аравиец'),(3939,145,3,1,'аравийка'),(3940,145,4,1,'аравийцы'),(3941,145,1,2,'Саудовской Аравии'),(3942,145,2,2,'аравийца'),(3943,145,3,2,'аравийки'),(3944,145,4,2,'аравийцев'),(3945,145,1,3,'Саудовской Аравии'),(3946,145,2,3,'аравийцу'),(3947,145,3,3,'аравийке'),(3948,145,4,3,'аравийцам'),(3949,145,1,4,'Саудовскую Аравию'),(3950,145,2,4,'аравийца'),(3951,145,3,4,'аравийку'),(3952,145,4,4,'аравийцев'),(3953,145,1,5,'Саудовской Аравией'),(3954,145,2,5,'аравийцем'),(3955,145,3,5,'аравийкой'),(3956,145,4,5,'аравийцами'),(3957,145,1,6,'о Саудовской Аравии'),(3958,145,2,6,'аравийце'),(3959,145,3,6,'аравийке'),(3960,145,4,6,'аравийцах'),(3961,146,1,1,'Свазиленд'),(3962,146,2,1,'свазилендец'),(3963,146,3,1,'свазилендка'),(3964,146,4,1,'свазилендцы'),(3965,146,1,2,'Свазиленда'),(3966,146,2,2,'свазилендца'),(3967,146,3,2,'свазилендки'),(3968,146,4,2,'свазилендцев'),(3969,146,1,3,'Свазиленду'),(3970,146,2,3,'свазилендцу'),(3971,146,3,3,'свазилендке'),(3972,146,4,3,'свазилендцам'),(3973,146,1,4,'Свазиленд'),(3974,146,2,4,'свазилендца'),(3975,146,3,4,'свазилендку'),(3976,146,4,4,'свазилендцев'),(3977,146,1,5,'Свазилендом'),(3978,146,2,5,'свазилендцем'),(3979,146,3,5,'свазилендкой'),(3980,146,4,5,'свазилендцами'),(3981,146,1,6,'о Свазиленде'),(3982,146,2,6,'свазилендце'),(3983,146,3,6,'свазилендке'),(3984,146,4,6,'свазилендцах'),(3985,147,1,1,'Сейшелы'),(3986,147,2,1,'сейшелец'),(3987,147,3,1,'сейшелка'),(3988,147,4,1,'сейшельцы'),(3989,147,1,2,'Сейшел'),(3990,147,2,2,'сейшелца'),(3991,147,3,2,'сейшелки'),(3992,147,4,2,'сейшельцев'),(3993,147,1,3,'Сейшелам'),(3994,147,2,3,'сейшелцу'),(3995,147,3,3,'сейшелке'),(3996,147,4,3,'сейшельцам'),(3997,147,1,4,'Сейшелы'),(3998,147,2,4,'сейшелца'),(3999,147,3,4,'сейшелку'),(4000,147,4,4,'сейшельцев'),(4001,147,1,5,'Сейшелами'),(4002,147,2,5,'сейшелцем'),(4003,147,3,5,'сейшелкой'),(4004,147,4,5,'сейшельцами'),(4005,147,1,6,'о Сейшелах'),(4006,147,2,6,'сейшелце'),(4007,147,3,6,'сейшелке'),(4008,147,4,6,'сейшельцах'),(4009,148,1,1,'Сенегал'),(4010,148,2,1,'сенегалец'),(4011,148,3,1,'сенегалка'),(4012,148,4,1,'сенегальцы'),(4013,148,1,2,'Сенегала'),(4014,148,2,2,'сенегалца'),(4015,148,3,2,'сенегалки'),(4016,148,4,2,'сенегальцев'),(4017,148,1,3,'Сенегалу'),(4018,148,2,3,'сенегалцу'),(4019,148,3,3,'сенегалке'),(4020,148,4,3,'сенегальцам'),(4021,148,1,4,'Сенегал'),(4022,148,2,4,'сенегалца'),(4023,148,3,4,'сенегалку'),(4024,148,4,4,'сенегальцев'),(4025,148,1,5,'Сенегалом'),(4026,148,2,5,'сенегалцем'),(4027,148,3,5,'сенегалкой'),(4028,148,4,5,'сенегальцами'),(4029,148,1,6,'о Сенегале'),(4030,148,2,6,'сенегалце'),(4031,148,3,6,'сенегалке'),(4032,148,4,6,'сенегальцах'),(4033,149,1,1,'Сент-Винсент и Гренадины'),(4034,149,2,1,'сентвинсентец'),(4035,149,3,1,'сентвинсентка'),(4036,149,4,1,'сентвинсентцы'),(4037,149,1,2,'Сент-Винсента и Гренадин'),(4038,149,2,2,'сентвинсентца'),(4039,149,3,2,'сентвинсентки'),(4040,149,4,2,'сентвинсентцев'),(4041,149,1,3,'Сент-Винсенту и Гренадинам'),(4042,149,2,3,'сентвинсентцу'),(4043,149,3,3,'сентвинсентке'),(4044,149,4,3,'сентвинсентцам'),(4045,149,1,4,'Сент-Винсент и Гренадины'),(4046,149,2,4,'сентвинсентца'),(4047,149,3,4,'сентвинсентку'),(4048,149,4,4,'сентвинсентцев'),(4049,149,1,5,'Сент-Винсентом и Гренадинами'),(4050,149,2,5,'сентвинсентцем'),(4051,149,3,5,'сентвинсенткой'),(4052,149,4,5,'сентвинсентцами'),(4053,149,1,6,'о Сент-Винсенте и Гренадинах'),(4054,149,2,6,'сентвинсентце'),(4055,149,3,6,'сентвинсентке'),(4056,149,4,6,'сентвинсентцах'),(4057,150,1,1,'Сент-Китс и Невис'),(4058,150,2,1,'сенткитсец'),(4059,150,3,1,''),(4060,150,4,1,'сенткитсцы'),(4061,150,1,2,'Сент-Китса и Невиса'),(4062,150,2,2,'сенткитсца'),(4063,150,3,2,''),(4064,150,4,2,'сенткитсцев'),(4065,150,1,3,'Сент-Китсу и Невису'),(4066,150,2,3,'сенткитсцу'),(4067,150,3,3,''),(4068,150,4,3,'сенткитсцам'),(4069,150,1,4,'Сент-Китс и Невис'),(4070,150,2,4,'сенткитсца'),(4071,150,3,4,''),(4072,150,4,4,'сенткитсцев'),(4073,150,1,5,'Сент-Китсом и Невисом'),(4074,150,2,5,'сенткитсцем'),(4075,150,3,5,''),(4076,150,4,5,'сенткитсцами'),(4077,150,1,6,'о Сент-Китсе и Невисе'),(4078,150,2,6,'сенткитсце'),(4079,150,3,6,''),(4080,150,4,6,'сенткитсцах'),(4081,151,1,1,'Сент-Люсия'),(4082,151,2,1,'сентлюсиец'),(4083,151,3,1,'сентлюсийка'),(4084,151,4,1,'сентлюсийцы'),(4085,151,1,2,'Сент-Люсии'),(4086,151,2,2,'сентлюсийца'),(4087,151,3,2,'сентлюсийки'),(4088,151,4,2,'сентлюсийцев'),(4089,151,1,3,'Сент-Люсии'),(4090,151,2,3,'сентлюсийцу'),(4091,151,3,3,'сентлюсийке'),(4092,151,4,3,'сентлюсийцам'),(4093,151,1,4,'Сент-Люсию'),(4094,151,2,4,'сентлюсийца'),(4095,151,3,4,'сентлюсийку'),(4096,151,4,4,'сентлюсийцев'),(4097,151,1,5,'Сент-Люсией'),(4098,151,2,5,'сентлюсийцем'),(4099,151,3,5,'сентлюсийкой'),(4100,151,4,5,'сентлюсийцами'),(4101,151,1,6,'о Сент-Люсии'),(4102,151,2,6,'сентлюсийце'),(4103,151,3,6,'сентлюсийке'),(4104,151,4,6,'сентлюсийцах'),(4105,152,1,1,'Сербия'),(4106,152,2,1,'серб'),(4107,152,3,1,'сербка'),(4108,152,4,1,'сербы'),(4109,152,1,2,'Сербии'),(4110,152,2,2,'серба'),(4111,152,3,2,'сербки'),(4112,152,4,2,'сербыов'),(4113,152,1,3,'Сербии'),(4114,152,2,3,'сербу'),(4115,152,3,3,'сербке'),(4116,152,4,3,'сербыам'),(4117,152,1,4,'Сербию'),(4118,152,2,4,'серба'),(4119,152,3,4,'сербку'),(4120,152,4,4,'сербыов'),(4121,152,1,5,'Сербией'),(4122,152,2,5,'сербом'),(4123,152,3,5,'сербкой'),(4124,152,4,5,'сербыами'),(4125,152,1,6,'о Сербии'),(4126,152,2,6,'сербе'),(4127,152,3,6,'сербке'),(4128,152,4,6,'сербыах'),(4129,153,1,1,'Сингапур'),(4130,153,2,1,'сингапурец'),(4131,153,3,1,'сингапурка'),(4132,153,4,1,'сингапурцы'),(4133,153,1,2,'Сингапура'),(4134,153,2,2,'сингапурца'),(4135,153,3,2,'сингапурки'),(4136,153,4,2,'сингапурцев'),(4137,153,1,3,'Сингапуру'),(4138,153,2,3,'сингапурцу'),(4139,153,3,3,'сингапурке'),(4140,153,4,3,'сингапурцам'),(4141,153,1,4,'Сингапур'),(4142,153,2,4,'сингапурца'),(4143,153,3,4,'сингапурку'),(4144,153,4,4,'сингапурцев'),(4145,153,1,5,'Сингапуром'),(4146,153,2,5,'сингапурцем'),(4147,153,3,5,'сингапуркой'),(4148,153,4,5,'сингапурцами'),(4149,153,1,6,'о Сингапуре'),(4150,153,2,6,'сингапурце'),(4151,153,3,6,'сингапурке'),(4152,153,4,6,'сингапурцах'),(4153,154,1,1,'Сирия'),(4154,154,2,1,'сириец'),(4155,154,3,1,'сирийка'),(4156,154,4,1,'сирийцы'),(4157,154,1,2,'Сирии'),(4158,154,2,2,'сирийца'),(4159,154,3,2,'сирийки'),(4160,154,4,2,'сирийцев'),(4161,154,1,3,'Сирии'),(4162,154,2,3,'сирийцу'),(4163,154,3,3,'сирийке'),(4164,154,4,3,'сирийцам'),(4165,154,1,4,'Сирию'),(4166,154,2,4,'сирийца'),(4167,154,3,4,'сирийку'),(4168,154,4,4,'сирийцев'),(4169,154,1,5,'Сирией'),(4170,154,2,5,'сирийцем'),(4171,154,3,5,'сирийкой'),(4172,154,4,5,'сирийцами'),(4173,154,1,6,'о Сирии'),(4174,154,2,6,'сирийце'),(4175,154,3,6,'сирийке'),(4176,154,4,6,'сирийцах'),(4177,155,1,1,'Словакия'),(4178,155,2,1,'словак'),(4179,155,3,1,'словачка'),(4180,155,4,1,'словаки'),(4181,155,1,2,'Словакии'),(4182,155,2,2,'словака'),(4183,155,3,2,'словачки'),(4184,155,4,2,'словаков'),(4185,155,1,3,'Словакии'),(4186,155,2,3,'словаку'),(4187,155,3,3,'словачке'),(4188,155,4,3,'словакам'),(4189,155,1,4,'Словакию'),(4190,155,2,4,'словака'),(4191,155,3,4,'словачку'),(4192,155,4,4,'словаков'),(4193,155,1,5,'Словакией'),(4194,155,2,5,'словаком'),(4195,155,3,5,'словачкой'),(4196,155,4,5,'словаками'),(4197,155,1,6,'о Словакии'),(4198,155,2,6,'словаке'),(4199,155,3,6,'словачке'),(4200,155,4,6,'словаках'),(4201,156,1,1,'Словения'),(4202,156,2,1,'словенец'),(4203,156,3,1,'словенка'),(4204,156,4,1,'словенцы'),(4205,156,1,2,'Словении'),(4206,156,2,2,'словенца'),(4207,156,3,2,'словенки'),(4208,156,4,2,'словенцев'),(4209,156,1,3,'Словении'),(4210,156,2,3,'словенцу'),(4211,156,3,3,'словенке'),(4212,156,4,3,'словенцам'),(4213,156,1,4,'Словению'),(4214,156,2,4,'словенца'),(4215,156,3,4,'словенку'),(4216,156,4,4,'словенцев'),(4217,156,1,5,'Словенией'),(4218,156,2,5,'словенцем'),(4219,156,3,5,'словенкой'),(4220,156,4,5,'словенцами'),(4221,156,1,6,'о Словении'),(4222,156,2,6,'словенце'),(4223,156,3,6,'словенке'),(4224,156,4,6,'словенцах'),(4225,157,1,1,'Соединённые Штаты Америки'),(4226,157,2,1,'американец'),(4227,157,3,1,'американка'),(4228,157,4,1,'американцы'),(4229,157,1,2,'Соединённых Штатов Америки'),(4230,157,2,2,'американца'),(4231,157,3,2,'американки'),(4232,157,4,2,'американцев'),(4233,157,1,3,'Соединённым Штатам Америки'),(4234,157,2,3,'американцу'),(4235,157,3,3,'американке'),(4236,157,4,3,'американцам'),(4237,157,1,4,'Соединённые Штаты Америки'),(4238,157,2,4,'американца'),(4239,157,3,4,'американку'),(4240,157,4,4,'американцев'),(4241,157,1,5,'Соединёнными Штатами Америки'),(4242,157,2,5,'американцем'),(4243,157,3,5,'американкой'),(4244,157,4,5,'американцами'),(4245,157,1,6,'о Соединённых Штатах Америки'),(4246,157,2,6,'американце'),(4247,157,3,6,'американке'),(4248,157,4,6,'американцах'),(4249,158,1,1,'Соломоновы острова'),(4250,158,2,1,'соломоновец'),(4251,158,3,1,'соломоновка'),(4252,158,4,1,'соломоновцы'),(4253,158,1,2,'Соломоновых островов'),(4254,158,2,2,'соломоновца'),(4255,158,3,2,'соломоновки'),(4256,158,4,2,'соломоновцев'),(4257,158,1,3,'Соломоновым островам'),(4258,158,2,3,'соломоновцу'),(4259,158,3,3,'соломоновке'),(4260,158,4,3,'соломоновцам'),(4261,158,1,4,'Соломоновы острова'),(4262,158,2,4,'соломоновца'),(4263,158,3,4,'соломоновку'),(4264,158,4,4,'соломоновцев'),(4265,158,1,5,'Соломоновыми островами'),(4266,158,2,5,'соломоновцем'),(4267,158,3,5,'соломоновкой'),(4268,158,4,5,'соломоновцами'),(4269,158,1,6,'о Соломоновых островах'),(4270,158,2,6,'соломоновце'),(4271,158,3,6,'соломоновке'),(4272,158,4,6,'соломоновцах'),(4273,159,1,1,'Сомали'),(4274,159,2,1,'сомалиец'),(4275,159,3,1,'сомалийка'),(4276,159,4,1,'сомалийцы'),(4277,159,1,2,'Сомали'),(4278,159,2,2,'сомалийца'),(4279,159,3,2,'сомалийки'),(4280,159,4,2,'сомалийцев'),(4281,159,1,3,'Сомали'),(4282,159,2,3,'сомалийцу'),(4283,159,3,3,'сомалийке'),(4284,159,4,3,'сомалийцам'),(4285,159,1,4,'Сомали'),(4286,159,2,4,'сомалийца'),(4287,159,3,4,'сомалийку'),(4288,159,4,4,'сомалийцев'),(4289,159,1,5,'Сомали'),(4290,159,2,5,'сомалийцем'),(4291,159,3,5,'сомалийкой'),(4292,159,4,5,'сомалийцами'),(4293,159,1,6,'о Сомали'),(4294,159,2,6,'сомалийце'),(4295,159,3,6,'сомалийке'),(4296,159,4,6,'сомалийцах'),(4297,160,1,1,'Судан'),(4298,160,2,1,'суданец'),(4299,160,3,1,'суданка'),(4300,160,4,1,'суданцы'),(4301,160,1,2,'Судана'),(4302,160,2,2,'суданца'),(4303,160,3,2,'суданки'),(4304,160,4,2,'суданцев'),(4305,160,1,3,'Судану'),(4306,160,2,3,'суданцу'),(4307,160,3,3,'суданке'),(4308,160,4,3,'суданцам'),(4309,160,1,4,'Судан'),(4310,160,2,4,'суданца'),(4311,160,3,4,'суданку'),(4312,160,4,4,'суданцев'),(4313,160,1,5,'Суданом'),(4314,160,2,5,'суданцем'),(4315,160,3,5,'суданкой'),(4316,160,4,5,'суданцами'),(4317,160,1,6,'о Судане'),(4318,160,2,6,'суданце'),(4319,160,3,6,'суданке'),(4320,160,4,6,'суданцах'),(4321,161,1,1,'Суринам'),(4322,161,2,1,'суринамец'),(4323,161,3,1,'суринамка'),(4324,161,4,1,'суринамцы'),(4325,161,1,2,'Суринама'),(4326,161,2,2,'суринамца'),(4327,161,3,2,'суринамки'),(4328,161,4,2,'суринамцев'),(4329,161,1,3,'Суринаму'),(4330,161,2,3,'суринамцу'),(4331,161,3,3,'суринамке'),(4332,161,4,3,'суринамцам'),(4333,161,1,4,'Суринам'),(4334,161,2,4,'суринамца'),(4335,161,3,4,'суринамку'),(4336,161,4,4,'суринамцев'),(4337,161,1,5,'Суринамом'),(4338,161,2,5,'суринамцем'),(4339,161,3,5,'суринамкой'),(4340,161,4,5,'суринамцами'),(4341,161,1,6,'о Суринаме'),(4342,161,2,6,'суринамце'),(4343,161,3,6,'суринамке'),(4344,161,4,6,'суринамцах'),(4345,162,1,1,'Сьерра-Леоне'),(4346,162,2,1,'сьерралеонец'),(4347,162,3,1,'сьерралеонка'),(4348,162,4,1,'сьерралеонцы'),(4349,162,1,2,'Сьерра-Леоне'),(4350,162,2,2,'сьерралеонца'),(4351,162,3,2,'сьерралеонки'),(4352,162,4,2,'сьерралеонцев'),(4353,162,1,3,'Сьерра-Леоне'),(4354,162,2,3,'сьерралеонцу'),(4355,162,3,3,'сьерралеонке'),(4356,162,4,3,'сьерралеонцам'),(4357,162,1,4,'Сьерра-Леоне'),(4358,162,2,4,'сьерралеонца'),(4359,162,3,4,'сьерралеонку'),(4360,162,4,4,'сьерралеонцев'),(4361,162,1,5,'Сьерра-Леоне'),(4362,162,2,5,'сьерралеонцем'),(4363,162,3,5,'сьерралеонкой'),(4364,162,4,5,'сьерралеонцами'),(4365,162,1,6,'о Сьерра-Леоне'),(4366,162,2,6,'сьерралеонце'),(4367,162,3,6,'сьерралеонке'),(4368,162,4,6,'сьерралеонцах'),(4369,163,1,1,'Таджикистан'),(4370,163,2,1,'таджик'),(4371,163,3,1,'таджичка'),(4372,163,4,1,'таджики'),(4373,163,1,2,'Таджикистана'),(4374,163,2,2,'таджика'),(4375,163,3,2,'таджички'),(4376,163,4,2,'таджикиов'),(4377,163,1,3,'Таджикистану'),(4378,163,2,3,'таджику'),(4379,163,3,3,'таджичке'),(4380,163,4,3,'таджикиам'),(4381,163,1,4,'Таджикистан'),(4382,163,2,4,'таджика'),(4383,163,3,4,'таджичку'),(4384,163,4,4,'таджикиов'),(4385,163,1,5,'Таджикистаном'),(4386,163,2,5,'таджиком'),(4387,163,3,5,'таджичкой'),(4388,163,4,5,'таджикиами'),(4389,163,1,6,'о Таджикистане'),(4390,163,2,6,'таджике'),(4391,163,3,6,'таджичке'),(4392,163,4,6,'таджикиах'),(4393,164,1,1,'Таиланд'),(4394,164,2,1,'таиландец'),(4395,164,3,1,'таиландка'),(4396,164,4,1,'таиландцы'),(4397,164,1,2,'Таиланда'),(4398,164,2,2,'таиландца'),(4399,164,3,2,'таиландки'),(4400,164,4,2,'таиландцев'),(4401,164,1,3,'Таиланду'),(4402,164,2,3,'таиландцу'),(4403,164,3,3,'таиландке'),(4404,164,4,3,'таиландцам'),(4405,164,1,4,'Таиланд'),(4406,164,2,4,'таиландца'),(4407,164,3,4,'таиландку'),(4408,164,4,4,'таиландцев'),(4409,164,1,5,'Таиландом'),(4410,164,2,5,'таиландцем'),(4411,164,3,5,'таиландкой'),(4412,164,4,5,'таиландцами'),(4413,164,1,6,'о Таиланде'),(4414,164,2,6,'таиландце'),(4415,164,3,6,'таиландке'),(4416,164,4,6,'таиландцах'),(4417,165,1,1,'Танзания'),(4418,165,2,1,'танзаниец'),(4419,165,3,1,'танзанийка'),(4420,165,4,1,'танзанийцы'),(4421,165,1,2,'Танзании'),(4422,165,2,2,'танзанийца'),(4423,165,3,2,'танзанийки'),(4424,165,4,2,'танзанийцев'),(4425,165,1,3,'Танзании'),(4426,165,2,3,'танзанийцу'),(4427,165,3,3,'танзанийке'),(4428,165,4,3,'танзанийцам'),(4429,165,1,4,'Танзанию'),(4430,165,2,4,'танзанийца'),(4431,165,3,4,'танзанийку'),(4432,165,4,4,'танзанийцев'),(4433,165,1,5,'Танзанией'),(4434,165,2,5,'танзанийцем'),(4435,165,3,5,'танзанийкой'),(4436,165,4,5,'танзанийцами'),(4437,165,1,6,'о Танзании'),(4438,165,2,6,'танзанийце'),(4439,165,3,6,'танзанийке'),(4440,165,4,6,'танзанийцах'),(4441,166,1,1,'Того'),(4442,166,2,1,'тоголезец'),(4443,166,3,1,'тоголезка'),(4444,166,4,1,'тоголезцы'),(4445,166,1,2,'Того'),(4446,166,2,2,'тоголезца'),(4447,166,3,2,'тоголезки'),(4448,166,4,2,'тоголезцев'),(4449,166,1,3,'Того'),(4450,166,2,3,'тоголезцу'),(4451,166,3,3,'тоголезке'),(4452,166,4,3,'тоголезцам'),(4453,166,1,4,'Того'),(4454,166,2,4,'тоголезца'),(4455,166,3,4,'тоголезку'),(4456,166,4,4,'тоголезцев'),(4457,166,1,5,'Того'),(4458,166,2,5,'тоголезцем'),(4459,166,3,5,'тоголезкой'),(4460,166,4,5,'тоголезцами'),(4461,166,1,6,'о Того'),(4462,166,2,6,'тоголезце'),(4463,166,3,6,'тоголезке'),(4464,166,4,6,'тоголезцах'),(4465,167,1,1,'Тонга'),(4466,167,2,1,'тонганец'),(4467,167,3,1,'тонганка'),(4468,167,4,1,'тонганцы'),(4469,167,1,2,'Тонги'),(4470,167,2,2,'тонганца'),(4471,167,3,2,'тонганки'),(4472,167,4,2,'тонганцев'),(4473,167,1,3,'Тонге'),(4474,167,2,3,'тонганцу'),(4475,167,3,3,'тонганке'),(4476,167,4,3,'тонганцам'),(4477,167,1,4,'Тонгу'),(4478,167,2,4,'тонганца'),(4479,167,3,4,'тонганку'),(4480,167,4,4,'тонганцев'),(4481,167,1,5,'Тонгой'),(4482,167,2,5,'тонганцем'),(4483,167,3,5,'тонганкой'),(4484,167,4,5,'тонганцами'),(4485,167,1,6,'о Тонге'),(4486,167,2,6,'тонганце'),(4487,167,3,6,'тонганке'),(4488,167,4,6,'тонганцах'),(4489,168,1,1,'Тринидад и Тобаго'),(4490,168,2,1,'тринидадец'),(4491,168,3,1,'тринидадка'),(4492,168,4,1,'тринидадцы'),(4493,168,1,2,'Тринидада и Тобаго'),(4494,168,2,2,'тринидадца'),(4495,168,3,2,'тринидадки'),(4496,168,4,2,'тринидадцев'),(4497,168,1,3,'Тринидаду и Тобаго'),(4498,168,2,3,'тринидадцу'),(4499,168,3,3,'тринидадке'),(4500,168,4,3,'тринидадцам'),(4501,168,1,4,'Тринидад и Тобаго'),(4502,168,2,4,'тринидадца'),(4503,168,3,4,'тринидадку'),(4504,168,4,4,'тринидадцев'),(4505,168,1,5,'Тринидадом и Тобаго'),(4506,168,2,5,'тринидадцем'),(4507,168,3,5,'тринидадкой'),(4508,168,4,5,'тринидадцами'),(4509,168,1,6,'о Тринидаде и Тобаго'),(4510,168,2,6,'тринидадце'),(4511,168,3,6,'тринидадке'),(4512,168,4,6,'тринидадцах'),(4513,169,1,1,'Тувалу'),(4514,169,2,1,'тувалиец'),(4515,169,3,1,'тувалянка'),(4516,169,4,1,'тувалийцы'),(4517,169,1,2,'Тувалу'),(4518,169,2,2,'тувалийца'),(4519,169,3,2,'тувалянки'),(4520,169,4,2,'тувалийцев'),(4521,169,1,3,'Тувалу'),(4522,169,2,3,'тувалийцу'),(4523,169,3,3,'тувалянке'),(4524,169,4,3,'тувалийцам'),(4525,169,1,4,'Тувалу'),(4526,169,2,4,'тувалийца'),(4527,169,3,4,'тувалянку'),(4528,169,4,4,'тувалийцев'),(4529,169,1,5,'Тувалу'),(4530,169,2,5,'тувалийцем'),(4531,169,3,5,'тувалянкой'),(4532,169,4,5,'тувалийцами'),(4533,169,1,6,'о Тувалу'),(4534,169,2,6,'тувалийце'),(4535,169,3,6,'тувалянке'),(4536,169,4,6,'тувалийцах'),(4537,170,1,1,'Тунис'),(4538,170,2,1,'тунисец'),(4539,170,3,1,'туниска'),(4540,170,4,1,'тунисцы'),(4541,170,1,2,'Туниса'),(4542,170,2,2,'тунисца'),(4543,170,3,2,'туниски'),(4544,170,4,2,'тунисцев'),(4545,170,1,3,'Тунису'),(4546,170,2,3,'тунисцу'),(4547,170,3,3,'туниске'),(4548,170,4,3,'тунисцам'),(4549,170,1,4,'Тунис'),(4550,170,2,4,'тунисца'),(4551,170,3,4,'туниску'),(4552,170,4,4,'тунисцев'),(4553,170,1,5,'Тунисом'),(4554,170,2,5,'тунисцем'),(4555,170,3,5,'туниской'),(4556,170,4,5,'тунисцами'),(4557,170,1,6,'о Тунисе'),(4558,170,2,6,'тунисце'),(4559,170,3,6,'туниске'),(4560,170,4,6,'тунисцах'),(4561,171,1,1,'Туркмения'),(4562,171,2,1,'туркменистанец'),(4563,171,3,1,'туркменистанка'),(4564,171,4,1,'туркменистанцы'),(4565,171,1,2,'Туркмении'),(4566,171,2,2,'туркменистанца'),(4567,171,3,2,'туркменистанки'),(4568,171,4,2,'туркменистанцев'),(4569,171,1,3,'Туркмении'),(4570,171,2,3,'туркменистанцу'),(4571,171,3,3,'туркменистанке'),(4572,171,4,3,'туркменистанцам'),(4573,171,1,4,'Туркмению'),(4574,171,2,4,'туркменистанца'),(4575,171,3,4,'туркменистанку'),(4576,171,4,4,'туркменистанцев'),(4577,171,1,5,'Туркменией'),(4578,171,2,5,'туркменистанцем'),(4579,171,3,5,'туркменистанкой'),(4580,171,4,5,'туркменистанцами'),(4581,171,1,6,'о Туркмении'),(4582,171,2,6,'туркменистанце'),(4583,171,3,6,'туркменистанке'),(4584,171,4,6,'туркменистанцах'),(4585,172,1,1,'Турция'),(4586,172,2,1,'турок'),(4587,172,3,1,'турчанка'),(4588,172,4,1,'турки'),(4589,172,1,2,'Турции'),(4590,172,2,2,'турка'),(4591,172,3,2,'турчанки'),(4592,172,4,2,'турок'),(4593,172,1,3,'Турции'),(4594,172,2,3,'турку'),(4595,172,3,3,'турчанке'),(4596,172,4,3,'туркам'),(4597,172,1,4,'Турцию'),(4598,172,2,4,'турка'),(4599,172,3,4,'турчанку'),(4600,172,4,4,'турок'),(4601,172,1,5,'Турцией'),(4602,172,2,5,'турком'),(4603,172,3,5,'турчанкой'),(4604,172,4,5,'турками'),(4605,172,1,6,'о Турции'),(4606,172,2,6,'турке'),(4607,172,3,6,'турчанке'),(4608,172,4,6,'турках'),(4609,173,1,1,'Уганда'),(4610,173,2,1,'угандиец'),(4611,173,3,1,'угандийка'),(4612,173,4,1,'угандийцы'),(4613,173,1,2,'Уганды'),(4614,173,2,2,'угандийца'),(4615,173,3,2,'угандийки'),(4616,173,4,2,'угандийцев'),(4617,173,1,3,'Уганде'),(4618,173,2,3,'угандийцу'),(4619,173,3,3,'угандийке'),(4620,173,4,3,'угандийцам'),(4621,173,1,4,'Уганду'),(4622,173,2,4,'угандийца'),(4623,173,3,4,'угандийку'),(4624,173,4,4,'угандийцев'),(4625,173,1,5,'Угандой'),(4626,173,2,5,'угандийцем'),(4627,173,3,5,'угандийкой'),(4628,173,4,5,'угандийцами'),(4629,173,1,6,'об Уганде'),(4630,173,2,6,'угандийце'),(4631,173,3,6,'угандийке'),(4632,173,4,6,'угандийцах'),(4633,174,1,1,'Узбекистан'),(4634,174,2,1,'узбек'),(4635,174,3,1,'узбечка'),(4636,174,4,1,'узбеки'),(4637,174,1,2,'Узбекистана'),(4638,174,2,2,'узбека'),(4639,174,3,2,'узбечки'),(4640,174,4,2,'узбеков'),(4641,174,1,3,'Узбекистану'),(4642,174,2,3,'узбеку'),(4643,174,3,3,'узбечке'),(4644,174,4,3,'узбекам'),(4645,174,1,4,'Узбекистан'),(4646,174,2,4,'узбека'),(4647,174,3,4,'узбечку'),(4648,174,4,4,'узбеков'),(4649,174,1,5,'Узбекистаном'),(4650,174,2,5,'узбеком'),(4651,174,3,5,'узбечкой'),(4652,174,4,5,'узбеками'),(4653,174,1,6,'об Узбекистане'),(4654,174,2,6,'узбеке'),(4655,174,3,6,'узбечке'),(4656,174,4,6,'узбеках'),(4657,175,1,1,'Украина'),(4658,175,2,1,'украинец'),(4659,175,3,1,'украинка'),(4660,175,4,1,'украинцы'),(4661,175,1,2,'Украины'),(4662,175,2,2,'украинца'),(4663,175,3,2,'украинки'),(4664,175,4,2,'украинцев'),(4665,175,1,3,'Украине'),(4666,175,2,3,'украинцу'),(4667,175,3,3,'украинке'),(4668,175,4,3,'украинцам'),(4669,175,1,4,'Украину'),(4670,175,2,4,'украинца'),(4671,175,3,4,'украинку'),(4672,175,4,4,'украинцев'),(4673,175,1,5,'Украиной'),(4674,175,2,5,'украинцем'),(4675,175,3,5,'украинкой'),(4676,175,4,5,'украинцами'),(4677,175,1,6,'об Украине'),(4678,175,2,6,'украинце'),(4679,175,3,6,'украинке'),(4680,175,4,6,'украинцах'),(4681,176,1,1,'Уругвай'),(4682,176,2,1,'уругваец'),(4683,176,3,1,'уругвайка'),(4684,176,4,1,'уругвайцы'),(4685,176,1,2,'Уругвая'),(4686,176,2,2,'уругваца'),(4687,176,3,2,'уругвайки'),(4688,176,4,2,'уругвайцев'),(4689,176,1,3,'Уругваю'),(4690,176,2,3,'уругвацу'),(4691,176,3,3,'уругвайке'),(4692,176,4,3,'уругвайцам'),(4693,176,1,4,'Уругвай'),(4694,176,2,4,'уругваца'),(4695,176,3,4,'уругвайку'),(4696,176,4,4,'уругвайцев'),(4697,176,1,5,'Уругваем'),(4698,176,2,5,'уругвацем'),(4699,176,3,5,'уругвайкой'),(4700,176,4,5,'уругвайцами'),(4701,176,1,6,'об Уругвае'),(4702,176,2,6,'уругваце'),(4703,176,3,6,'уругвайке'),(4704,176,4,6,'уругвайцах'),(4705,177,1,1,'Фиджи'),(4706,177,2,1,'фиджиец'),(4707,177,3,1,'фиджийка'),(4708,177,4,1,'фиджийцы'),(4709,177,1,2,'Фиджи'),(4710,177,2,2,'фиджийца'),(4711,177,3,2,'фиджийки'),(4712,177,4,2,'фиджийцев'),(4713,177,1,3,'Фиджи'),(4714,177,2,3,'фиджийцу'),(4715,177,3,3,'фиджийке'),(4716,177,4,3,'фиджийцам'),(4717,177,1,4,'Фиджи'),(4718,177,2,4,'фиджийца'),(4719,177,3,4,'фиджийку'),(4720,177,4,4,'фиджийцев'),(4721,177,1,5,'Фиджи'),(4722,177,2,5,'фиджийцем'),(4723,177,3,5,'фиджийкой'),(4724,177,4,5,'фиджийцами'),(4725,177,1,6,'о Фиджи'),(4726,177,2,6,'фиджийце'),(4727,177,3,6,'фиджийке'),(4728,177,4,6,'фиджийцах'),(4729,178,1,1,'Филиппины'),(4730,178,2,1,'филиппинец'),(4731,178,3,1,'филиппинка'),(4732,178,4,1,'филиппинцы'),(4733,178,1,2,'Филиппин'),(4734,178,2,2,'филиппинца'),(4735,178,3,2,'филиппинки'),(4736,178,4,2,'филиппинцев'),(4737,178,1,3,'Филиппинам'),(4738,178,2,3,'филиппинцу'),(4739,178,3,3,'филиппинке'),(4740,178,4,3,'филиппинцам'),(4741,178,1,4,'Филиппины'),(4742,178,2,4,'филиппинца'),(4743,178,3,4,'филиппинку'),(4744,178,4,4,'филиппинцев'),(4745,178,1,5,'Филиппинами'),(4746,178,2,5,'филиппинцем'),(4747,178,3,5,'филиппинкой'),(4748,178,4,5,'филиппинцами'),(4749,178,1,6,'о Филиппинах'),(4750,178,2,6,'филиппинце'),(4751,178,3,6,'филиппинке'),(4752,178,4,6,'филиппинцах'),(4753,179,1,1,'Финляндия'),(4754,179,2,1,'финн'),(4755,179,3,1,'финка'),(4756,179,4,1,'финны'),(4757,179,1,2,'Финляндии'),(4758,179,2,2,'финна'),(4759,179,3,2,'финки'),(4760,179,4,2,'финнов'),(4761,179,1,3,'Финляндии'),(4762,179,2,3,'финну'),(4763,179,3,3,'финке'),(4764,179,4,3,'финнам'),(4765,179,1,4,'Финляндию'),(4766,179,2,4,'финна'),(4767,179,3,4,'финку'),(4768,179,4,4,'финнов'),(4769,179,1,5,'Финляндией'),(4770,179,2,5,'финном'),(4771,179,3,5,'финкой'),(4772,179,4,5,'финнами'),(4773,179,1,6,'о Финляндии'),(4774,179,2,6,'финне'),(4775,179,3,6,'финке'),(4776,179,4,6,'финнах'),(4777,180,1,1,'Франция'),(4778,180,2,1,'француз'),(4779,180,3,1,'француженка'),(4780,180,4,1,'французы'),(4781,180,1,2,'Франции'),(4782,180,2,2,'француза'),(4783,180,3,2,'француженки'),(4784,180,4,2,'французов'),(4785,180,1,3,'Франции'),(4786,180,2,3,'французу'),(4787,180,3,3,'француженке'),(4788,180,4,3,'французам'),(4789,180,1,4,'Францию'),(4790,180,2,4,'француза'),(4791,180,3,4,'француженку'),(4792,180,4,4,'французов'),(4793,180,1,5,'Францией'),(4794,180,2,5,'французом'),(4795,180,3,5,'француженкой'),(4796,180,4,5,'французами'),(4797,180,1,6,'о Франции'),(4798,180,2,6,'французе'),(4799,180,3,6,'француженке'),(4800,180,4,6,'французах'),(4801,181,1,1,'Хорватия'),(4802,181,2,1,'хорват'),(4803,181,3,1,'хорватка'),(4804,181,4,1,'хорваты'),(4805,181,1,2,'Хорватии'),(4806,181,2,2,'хорвата'),(4807,181,3,2,'хорватки'),(4808,181,4,2,'хорватов'),(4809,181,1,3,'Хорватии'),(4810,181,2,3,'хорвату'),(4811,181,3,3,'хорватке'),(4812,181,4,3,'хорватам'),(4813,181,1,4,'Хорватию'),(4814,181,2,4,'хорвата'),(4815,181,3,4,'хорватку'),(4816,181,4,4,'хорватов'),(4817,181,1,5,'Хорватией'),(4818,181,2,5,'хорватом'),(4819,181,3,5,'хорваткой'),(4820,181,4,5,'хорватами'),(4821,181,1,6,'о Хорватии'),(4822,181,2,6,'хорвате'),(4823,181,3,6,'хорватке'),(4824,181,4,6,'хорватах'),(4825,182,1,1,'Центрально-Африканская Республика'),(4826,182,2,1,'центральноафриканец'),(4827,182,3,1,'центральноафриканка'),(4828,182,4,1,'центральноафриканцы'),(4829,182,1,2,'Центрально-Африканской Республики'),(4830,182,2,2,'центральноафриканца'),(4831,182,3,2,'центральноафриканки'),(4832,182,4,2,'центральноафриканцев'),(4833,182,1,3,'Центрально-Африканской Республике'),(4834,182,2,3,'центральноафриканцу'),(4835,182,3,3,'центральноафриканке'),(4836,182,4,3,'центральноафриканцам'),(4837,182,1,4,'Центрально-Африканскую Республику'),(4838,182,2,4,'центральноафриканца'),(4839,182,3,4,'центральноафриканку'),(4840,182,4,4,'центральноафриканцев'),(4841,182,1,5,'Центрально-Африканской Республикой'),(4842,182,2,5,'центральноафриканцем'),(4843,182,3,5,'центральноафриканкой'),(4844,182,4,5,'центральноафриканцами'),(4845,182,1,6,'о Центрально-Африканской Республике'),(4846,182,2,6,'центральноафриканце'),(4847,182,3,6,'центральноафриканке'),(4848,182,4,6,'центральноафриканцах'),(4849,183,1,1,'Чад'),(4850,183,2,1,'чадец'),(4851,183,3,1,'чадка'),(4852,183,4,1,'чадцы'),(4853,183,1,2,'Чада'),(4854,183,2,2,'чадца'),(4855,183,3,2,'чадки'),(4856,183,4,2,'чадцев'),(4857,183,1,3,'Чаду'),(4858,183,2,3,'чадцу'),(4859,183,3,3,'чадке'),(4860,183,4,3,'чадцам'),(4861,183,1,4,'Чад'),(4862,183,2,4,'чадца'),(4863,183,3,4,'чадку'),(4864,183,4,4,'чадцев'),(4865,183,1,5,'Чадом'),(4866,183,2,5,'чадцем'),(4867,183,3,5,'чадкой'),(4868,183,4,5,'чадцами'),(4869,183,1,6,'о Чаде'),(4870,183,2,6,'чадце'),(4871,183,3,6,'чадке'),(4872,183,4,6,'чадцах'),(4873,184,1,1,'Черногория'),(4874,184,2,1,'черногорец'),(4875,184,3,1,'черногорка'),(4876,184,4,1,'черногорцы'),(4877,184,1,2,'Черногории'),(4878,184,2,2,'черногорца'),(4879,184,3,2,'черногорки'),(4880,184,4,2,'черногорцев'),(4881,184,1,3,'Черногории'),(4882,184,2,3,'черногорцу'),(4883,184,3,3,'черногорке'),(4884,184,4,3,'черногорцам'),(4885,184,1,4,'Черногорию'),(4886,184,2,4,'черногорца'),(4887,184,3,4,'черногорку'),(4888,184,4,4,'черногорцев'),(4889,184,1,5,'Черногорией'),(4890,184,2,5,'черногорцем'),(4891,184,3,5,'черногоркой'),(4892,184,4,5,'черногорцами'),(4893,184,1,6,'о Черногории'),(4894,184,2,6,'черногорце'),(4895,184,3,6,'черногорке'),(4896,184,4,6,'черногорцах'),(4897,185,1,1,'Чехия'),(4898,185,2,1,'чех'),(4899,185,3,1,'чешка'),(4900,185,4,1,'чехи'),(4901,185,1,2,'Чехии'),(4902,185,2,2,'чеха'),(4903,185,3,2,'чешки'),(4904,185,4,2,'чехов'),(4905,185,1,3,'Чехии'),(4906,185,2,3,'чеху'),(4907,185,3,3,'чешке'),(4908,185,4,3,'чехам'),(4909,185,1,4,'Чехию'),(4910,185,2,4,'чеха'),(4911,185,3,4,'чешку'),(4912,185,4,4,'чехов'),(4913,185,1,5,'Чехией'),(4914,185,2,5,'чехом'),(4915,185,3,5,'чешкой'),(4916,185,4,5,'чехами'),(4917,185,1,6,'о Чехии'),(4918,185,2,6,'чехе'),(4919,185,3,6,'чешке'),(4920,185,4,6,'чехах'),(4921,186,1,1,'Чили'),(4922,186,2,1,'чилиец'),(4923,186,3,1,'чилийка'),(4924,186,4,1,'чилийцы'),(4925,186,1,2,'Чили'),(4926,186,2,2,'чилийца'),(4927,186,3,2,'чилийки'),(4928,186,4,2,'чилийцев'),(4929,186,1,3,'Чили'),(4930,186,2,3,'чилийцу'),(4931,186,3,3,'чилийке'),(4932,186,4,3,'чилийцам'),(4933,186,1,4,'Чили'),(4934,186,2,4,'чилийца'),(4935,186,3,4,'чилийку'),(4936,186,4,4,'чилийцев'),(4937,186,1,5,'Чили'),(4938,186,2,5,'чилийцем'),(4939,186,3,5,'чилийкой'),(4940,186,4,5,'чилийцами'),(4941,186,1,6,'о Чили'),(4942,186,2,6,'чилийце'),(4943,186,3,6,'чилийке'),(4944,186,4,6,'чилийцах'),(4945,187,1,1,'Швейцария'),(4946,187,2,1,'швейцарец'),(4947,187,3,1,'швейцарка'),(4948,187,4,1,'швейцарцы'),(4949,187,1,2,'Швейцарии'),(4950,187,2,2,'швейцарца'),(4951,187,3,2,'швейцарки'),(4952,187,4,2,'швейцарцев'),(4953,187,1,3,'Швейцарии'),(4954,187,2,3,'швейцарцу'),(4955,187,3,3,'швейцарке'),(4956,187,4,3,'швейцарцам'),(4957,187,1,4,'Швейцарию'),(4958,187,2,4,'швейцарца'),(4959,187,3,4,'швейцарку'),(4960,187,4,4,'швейцарцев'),(4961,187,1,5,'Швейцарией'),(4962,187,2,5,'швейцарцем'),(4963,187,3,5,'швейцаркой'),(4964,187,4,5,'швейцарцами'),(4965,187,1,6,'о Швейцарии'),(4966,187,2,6,'швейцарце'),(4967,187,3,6,'швейцарке'),(4968,187,4,6,'швейцарцах'),(4969,188,1,1,'Швеция'),(4970,188,2,1,'швед'),(4971,188,3,1,'шведка'),(4972,188,4,1,'шведы'),(4973,188,1,2,'Швеции'),(4974,188,2,2,'шведа'),(4975,188,3,2,'шведки'),(4976,188,4,2,'шведов'),(4977,188,1,3,'Швеции'),(4978,188,2,3,'шведу'),(4979,188,3,3,'шведке'),(4980,188,4,3,'шведам'),(4981,188,1,4,'Швецию'),(4982,188,2,4,'шведа'),(4983,188,3,4,'шведку'),(4984,188,4,4,'шведов'),(4985,188,1,5,'Швецией'),(4986,188,2,5,'шведом'),(4987,188,3,5,'шведкой'),(4988,188,4,5,'шведами'),(4989,188,1,6,'о Швеции'),(4990,188,2,6,'шведе'),(4991,188,3,6,'шведке'),(4992,188,4,6,'шведах'),(4993,189,1,1,'Шри-Ланка'),(4994,189,2,1,'шриланкиец'),(4995,189,3,1,'шриланкийка'),(4996,189,4,1,'шриланкийцы'),(4997,189,1,2,'Шри-Ланки'),(4998,189,2,2,'шриланкийца'),(4999,189,3,2,'шриланкийки'),(5000,189,4,2,'шриланкийцев'),(5001,189,1,3,'Шри-Ланке'),(5002,189,2,3,'шриланкийцу'),(5003,189,3,3,'шриланкийке'),(5004,189,4,3,'шриланкийцам'),(5005,189,1,4,'Шри-Ланку'),(5006,189,2,4,'шриланкийца'),(5007,189,3,4,'шриланкийку'),(5008,189,4,4,'шриланкийцев'),(5009,189,1,5,'Шри-Ланкой'),(5010,189,2,5,'шриланкийцем'),(5011,189,3,5,'шриланкийкой'),(5012,189,4,5,'шриланкийцами'),(5013,189,1,6,'о Шри-Ланке'),(5014,189,2,6,'шриланкийце'),(5015,189,3,6,'шриланкийке'),(5016,189,4,6,'шриланкийцах'),(5017,190,1,1,'Эквадор'),(5018,190,2,1,'эквадорец'),(5019,190,3,1,'эквадорка'),(5020,190,4,1,'эквадорцы'),(5021,190,1,2,'Эквадора'),(5022,190,2,2,'эквадорца'),(5023,190,3,2,'эквадорки'),(5024,190,4,2,'эквадорцев'),(5025,190,1,3,'Эквадору'),(5026,190,2,3,'эквадорцу'),(5027,190,3,3,'эквадорке'),(5028,190,4,3,'эквадорцам'),(5029,190,1,4,'Эквадор'),(5030,190,2,4,'эквадорца'),(5031,190,3,4,'эквадорку'),(5032,190,4,4,'эквадорцев'),(5033,190,1,5,'Эквадором'),(5034,190,2,5,'эквадорцем'),(5035,190,3,5,'эквадоркой'),(5036,190,4,5,'эквадорцами'),(5037,190,1,6,'об Эквадоре'),(5038,190,2,6,'эквадорце'),(5039,190,3,6,'эквадорке'),(5040,190,4,6,'эквадорцах'),(5041,191,1,1,'Экваториальная Гвинея'),(5042,191,2,1,'экваторогвинеец'),(5043,191,3,1,'экваторогвинейка'),(5044,191,4,1,'экваторогвинейцы'),(5045,191,1,2,'Экваториальной Гвинеи'),(5046,191,2,2,'экваторогвинеца'),(5047,191,3,2,'экваторогвинейки'),(5048,191,4,2,'экваторогвинейцев'),(5049,191,1,3,'Экваториальной Гвинее'),(5050,191,2,3,'экваторогвинецу'),(5051,191,3,3,'экваторогвинейке'),(5052,191,4,3,'экваторогвинейцам'),(5053,191,1,4,'Экваториальную Гвинею'),(5054,191,2,4,'экваторогвинеца'),(5055,191,3,4,'экваторогвинейку'),(5056,191,4,4,'экваторогвинейцев'),(5057,191,1,5,'Экваториальной Гвинеей'),(5058,191,2,5,'экваторогвинецем'),(5059,191,3,5,'экваторогвинейкой'),(5060,191,4,5,'экваторогвинейцами'),(5061,191,1,6,'об Экваториальной Гвинее'),(5062,191,2,6,'экваторогвинеце'),(5063,191,3,6,'экваторогвинейке'),(5064,191,4,6,'экваторогвинейцах'),(5065,192,1,1,'Эритрея'),(5066,192,2,1,'эритреец'),(5067,192,3,1,'эритрейка'),(5068,192,4,1,'эритрейцы'),(5069,192,1,2,'Эритреи'),(5070,192,2,2,'эритреца'),(5071,192,3,2,'эритрейки'),(5072,192,4,2,'эритрейцев'),(5073,192,1,3,'Эритрее'),(5074,192,2,3,'эритрецу'),(5075,192,3,3,'эритрейке'),(5076,192,4,3,'эритрейцам'),(5077,192,1,4,'Эритрею'),(5078,192,2,4,'эритреца'),(5079,192,3,4,'эритрейку'),(5080,192,4,4,'эритрейцев'),(5081,192,1,5,'Эритреей'),(5082,192,2,5,'эритрецем'),(5083,192,3,5,'эритрейкой'),(5084,192,4,5,'эритрейцами'),(5085,192,1,6,'об Эритреи'),(5086,192,2,6,'эритреце'),(5087,192,3,6,'эритрейке'),(5088,192,4,6,'эритрейцах'),(5089,193,1,1,'Эстония'),(5090,193,2,1,'эстонец'),(5091,193,3,1,'эстонка'),(5092,193,4,1,'эстонцы'),(5093,193,1,2,'Эстонии'),(5094,193,2,2,'эстонца'),(5095,193,3,2,'эстонки'),(5096,193,4,2,'эстонцев'),(5097,193,1,3,'Эстонии'),(5098,193,2,3,'эстонцу'),(5099,193,3,3,'эстонке'),(5100,193,4,3,'эстонцам'),(5101,193,1,4,'Эстонию'),(5102,193,2,4,'эстонца'),(5103,193,3,4,'эстонку'),(5104,193,4,4,'эстонцев'),(5105,193,1,5,'Эстонией'),(5106,193,2,5,'эстонцем'),(5107,193,3,5,'эстонкой'),(5108,193,4,5,'эстонцами'),(5109,193,1,6,'об Эстонии'),(5110,193,2,6,'эстонце'),(5111,193,3,6,'эстонке'),(5112,193,4,6,'эстонцах'),(5113,194,1,1,'Эфиопия'),(5114,194,2,1,'эфиоп'),(5115,194,3,1,'эфиопка'),(5116,194,4,1,'эфиопы'),(5117,194,1,2,'Эфиопии'),(5118,194,2,2,'эфиопа'),(5119,194,3,2,'эфиопки'),(5120,194,4,2,'эфиопов'),(5121,194,1,3,'Эфиопии'),(5122,194,2,3,'эфиопу'),(5123,194,3,3,'эфиопке'),(5124,194,4,3,'эфиопам'),(5125,194,1,4,'Эфиопию'),(5126,194,2,4,'эфиопа'),(5127,194,3,4,'эфиопку'),(5128,194,4,4,'эфиопов'),(5129,194,1,5,'Эфиопией'),(5130,194,2,5,'эфиопом'),(5131,194,3,5,'эфиопкой'),(5132,194,4,5,'эфиопами'),(5133,194,1,6,'об Эфиопии'),(5134,194,2,6,'эфиопе'),(5135,194,3,6,'эфиопке'),(5136,194,4,6,'эфиопах'),(5137,195,1,1,'Южная Осетия'),(5138,195,2,1,'югоосетин'),(5139,195,3,1,'югоосетинка'),(5140,195,4,1,'югоосетины'),(5141,195,1,2,'Южной Осетии'),(5142,195,2,2,'югоосетина'),(5143,195,3,2,'югоосетинки'),(5144,195,4,2,'югоосетинов'),(5145,195,1,3,'Южной Осетии'),(5146,195,2,3,'югоосетину'),(5147,195,3,3,'югоосетинке'),(5148,195,4,3,'югоосетинам'),(5149,195,1,4,'Южную Осетию'),(5150,195,2,4,'югоосетина'),(5151,195,3,4,'югоосетинку'),(5152,195,4,4,'югоосетинов'),(5153,195,1,5,'Южной Осетией'),(5154,195,2,5,'югоосетином'),(5155,195,3,5,'югоосетинкой'),(5156,195,4,5,'югоосетинами'),(5157,195,1,6,'об Южной Осетии'),(5158,195,2,6,'югоосетине'),(5159,195,3,6,'югоосетинке'),(5160,195,4,6,'югоосетинах'),(5161,196,1,1,'Южно-Африканская Республика'),(5162,196,2,1,'южноафриканец'),(5163,196,3,1,'южноафриканка'),(5164,196,4,1,'южноафриканцы'),(5165,196,1,2,'Южно-Африканской Республики'),(5166,196,2,2,'южноафриканца'),(5167,196,3,2,'южноафриканки'),(5168,196,4,2,'южноафриканцев'),(5169,196,1,3,'Южно-Африканской Республике'),(5170,196,2,3,'южноафриканцу'),(5171,196,3,3,'южноафриканке'),(5172,196,4,3,'южноафриканцам'),(5173,196,1,4,'Южно-Африканскую Республику'),(5174,196,2,4,'южноафриканца'),(5175,196,3,4,'южноафриканку'),(5176,196,4,4,'южноафриканцев'),(5177,196,1,5,'Южно-Африканской Республикой'),(5178,196,2,5,'южноафриканцем'),(5179,196,3,5,'южноафриканкой'),(5180,196,4,5,'южноафриканцами'),(5181,196,1,6,'об Южно-Африканской Республике'),(5182,196,2,6,'южноафриканце'),(5183,196,3,6,'южноафриканке'),(5184,196,4,6,'южноафриканцах'),(5185,197,1,1,'Южный Судан'),(5186,197,2,1,'суданец'),(5187,197,3,1,'суданка'),(5188,197,4,1,'суданцы'),(5189,197,1,2,'Южного Судана'),(5190,197,2,2,'суданца'),(5191,197,3,2,'суданки'),(5192,197,4,2,'суданцев'),(5193,197,1,3,'Южному Судану'),(5194,197,2,3,'суданцу'),(5195,197,3,3,'суданке'),(5196,197,4,3,'суданцам'),(5197,197,1,4,'Южный Судан'),(5198,197,2,4,'суданца'),(5199,197,3,4,'суданку'),(5200,197,4,4,'суданцев'),(5201,197,1,5,'Южным Суданом'),(5202,197,2,5,'суданцем'),(5203,197,3,5,'суданкой'),(5204,197,4,5,'суданцами'),(5205,197,1,6,'об Южном Судане'),(5206,197,2,6,'суданце'),(5207,197,3,6,'суданке'),(5208,197,4,6,'суданцах'),(5209,198,1,1,'Ямайка'),(5210,198,2,1,'ямаец'),(5211,198,3,1,'ямайка'),(5212,198,4,1,'ямайцы'),(5213,198,1,2,'Ямайки'),(5214,198,2,2,'ямаца'),(5215,198,3,2,'ямайки'),(5216,198,4,2,'ямайцев'),(5217,198,1,3,'Ямайке'),(5218,198,2,3,'ямацу'),(5219,198,3,3,'ямайке'),(5220,198,4,3,'ямайцам'),(5221,198,1,4,'Ямайку'),(5222,198,2,4,'ямаца'),(5223,198,3,4,'ямайку'),(5224,198,4,4,'ямайцев'),(5225,198,1,5,'Ямайкой'),(5226,198,2,5,'ямацем'),(5227,198,3,5,'ямайкой'),(5228,198,4,5,'ямайцами'),(5229,198,1,6,'об Ямайке'),(5230,198,2,6,'ямаце'),(5231,198,3,6,'ямайке'),(5232,198,4,6,'ямайцах'),(5233,199,1,1,'Япония'),(5234,199,2,1,'японец'),(5235,199,3,1,'японка'),(5236,199,4,1,'японцы'),(5237,199,1,2,'Японии'),(5238,199,2,2,'японца'),(5239,199,3,2,'японки'),(5240,199,4,2,'японцев'),(5241,199,1,3,'Японии'),(5242,199,2,3,'японцу'),(5243,199,3,3,'японке'),(5244,199,4,3,'японцам'),(5245,199,1,4,'Японию'),(5246,199,2,4,'японца'),(5247,199,3,4,'японку'),(5248,199,4,4,'японцев'),(5249,199,1,5,'Японией'),(5250,199,2,5,'японцем'),(5251,199,3,5,'японкой'),(5252,199,4,5,'японцами'),(5253,199,1,6,'об Японии'),(5254,199,2,6,'японце'),(5255,199,3,6,'японке'),(5256,199,4,6,'японцах');
/*!40000 ALTER TABLE `city_declines_nouns` ENABLE KEYS */;
UNLOCK TABLES;

--
-- Table structure for table `city_description`
--

DROP TABLE IF EXISTS `city_description`;
/*!40101 SET @saved_cs_client     = @@character_set_client */;
 SET character_set_client = utf8mb4 ;
CREATE TABLE `city_description` (
  `id` int(11) NOT NULL,
  `top_desc` text,
  `bottom_desc` text,
  PRIMARY KEY (`id`)
) ENGINE=InnoDB DEFAULT CHARSET=utf8;
/*!40101 SET character_set_client = @saved_cs_client */;

--
-- Dumping data for table `city_description`
--

LOCK TABLES `city_description` WRITE;
/*!40000 ALTER TABLE `city_description` DISABLE KEYS */;
/*!40000 ALTER TABLE `city_description` ENABLE KEYS */;
UNLOCK TABLES;

--
-- Table structure for table `declined_nouns`
--

DROP TABLE IF EXISTS `declined_nouns`;
/*!40101 SET @saved_cs_client     = @@character_set_client */;
 SET character_set_client = utf8mb4 ;
CREATE TABLE `declined_nouns` (
  `id` int(11) NOT NULL AUTO_INCREMENT,
  `name` varchar(45) DEFAULT NULL,
  `name_rus` varchar(45) DEFAULT NULL,
  PRIMARY KEY (`id`),
  UNIQUE KEY `id_UNIQUE` (`id`)
) ENGINE=InnoDB AUTO_INCREMENT=5 DEFAULT CHARSET=utf8;
/*!40101 SET character_set_client = @saved_cs_client */;

--
-- Dumping data for table `declined_nouns`
--

LOCK TABLES `declined_nouns` WRITE;
/*!40000 ALTER TABLE `declined_nouns` DISABLE KEYS */;
INSERT INTO `declined_nouns` VALUES (1,'Country','Страна'),(2,'Man','Мужчина'),(3,'Woman','Женщина'),(4,'Residents','Горожане');
/*!40000 ALTER TABLE `declined_nouns` ENABLE KEYS */;
UNLOCK TABLES;
/*!40103 SET TIME_ZONE=@OLD_TIME_ZONE */;

/*!40101 SET SQL_MODE=@OLD_SQL_MODE */;
/*!40014 SET FOREIGN_KEY_CHECKS=@OLD_FOREIGN_KEY_CHECKS */;
/*!40014 SET UNIQUE_CHECKS=@OLD_UNIQUE_CHECKS */;
/*!40101 SET CHARACTER_SET_CLIENT=@OLD_CHARACTER_SET_CLIENT */;
/*!40101 SET CHARACTER_SET_RESULTS=@OLD_CHARACTER_SET_RESULTS */;
/*!40101 SET COLLATION_CONNECTION=@OLD_COLLATION_CONNECTION */;
/*!40111 SET SQL_NOTES=@OLD_SQL_NOTES */;

-- Dump completed on 2020-08-03 14:32:27
